station_source,variable,series_index,start,end,span_days,span_years,n_files,max_internal_gap_days,blocks
Aachen,ta,1,1891-01-01,2011-03-31,43919,120.25,1,0,1891-01-01..2011-03-31
AiPetri,ta,1,1895-09-12,2012-12-31,42845,117.31,1,0,1895-09-12..2012-12-31
Alkmaar,dd,1,1741-05-01,1748-11-30,2771,7.59,1,0,1741-05-01..1748-11-30
Alkmaar,rr,1,1741-05-01,1748-11-30,2771,7.59,1,0,1741-05-01..1748-11-30
Alkmaar,ta,1,1741-05-01,1748-11-30,2771,7.59,1,0,1741-05-01..1748-11-30
Amsterdam,dd,1,1762-01-01,1778-12-31,6209,17.00,1,0,1762-01-01..1778-12-31
Amsterdam,p,1,1762-01-01,1778-12-31,6209,17.00,1,0,1762-01-01..1778-12-31
Amsterdam,ta,1,1762-01-01,1778-12-31,6209,17.00,1,0,1762-01-01..1778-12-31
Amsterdam2,dd,1,1779-01-01,1785-12-31,2557,7.00,1,0,1779-01-01..1785-12-31
Amsterdam2,p,1,1779-01-01,1785-12-31,2557,7.00,1,0,1779-01-01..1785-12-31
Amsterdam2,ta,1,1779-01-01,1785-12-31,2557,7.00,1,0,1779-01-01..1785-12-31
Andechs,dd,1,1781-01-01,1792-12-31,4383,12.00,1,0,1781-01-01..1792-12-31
Andechs,p,1,1781-01-01,1792-12-31,4383,12.00,2,0,1781-01-01..1792-12-31
Andechs,ta,1,1781-02-13,1792-12-31,4340,11.88,2,0,1781-02-13..1792-12-31
Andechs,w,1,1781-01-01,1792-12-31,4383,12.00,1,0,1781-01-01..1792-12-31
Andenes,ta,1,1867-07-10,1972-03-31,38251,104.73,1,0,1867-07-10..1972-03-31
Armagh,ta,1,1844-01-01,2024-12-31,66110,181.00,1,0,1844-01-01..2024-12-31
Augsburg,p,1,1813-01-01,1817-12-31,1826,5.00,1,0,1813-01-01..1817-12-31
Augsburg,ta,1,1813-01-01,1817-12-31,1826,5.00,1,0,1813-01-01..1817-12-31
Baghdad,dd,1,1782-12-13,1784-01-20,404,1.11,1,0,1782-12-13..1784-01-20
Baghdad,p,1,1782-12-13,1784-01-20,404,1.11,1,0,1782-12-13..1784-01-20
Baghdad,ta,1,1782-12-13,1784-01-20,404,1.11,1,0,1782-12-13..1784-01-20
Barcelona,ta,1,1800-01-01,1825-12-31,9496,26.00,1,0,1800-01-01..1825-12-31
Bassora,dd,1,1784-02-17,1784-06-30,135,0.37,1,0,1784-02-17..1784-06-30
Bassora,p,1,1784-02-17,1784-06-30,135,0.37,1,0,1784-02-17..1784-06-30
Bassora,ta,1,1784-02-17,1784-06-30,135,0.37,1,0,1784-02-17..1784-06-30
Bergen,dd,1,1741-09-01,1746-05-31,1734,4.75,1,0,1741-09-01..1746-05-31
Bergen,rr,1,1741-09-04,1746-05-18,1718,4.70,1,0,1741-09-04..1746-05-18
Bergen,ta,1,1741-09-01,1746-05-31,1734,4.75,1,0,1741-09-01..1746-05-31
Berlin,dd,1,1721-02-17,1734-12-27,5062,13.86,1,0,1721-02-17..1734-12-27
Berlin,dd,2,1781-07-01,1788-12-31,2741,7.50,1,0,1781-07-01..1788-12-31
Berlin,p,1,1721-01-23,1774-04-30,19456,53.27,1,0,1721-01-23..1774-04-30
Berlin,p,2,1781-07-01,1786-12-31,2010,5.50,1,0,1781-07-01..1786-12-31
Berlin,p,3,1788-01-01,1788-12-31,366,1.00,1,0,1788-01-01..1788-12-31
Berlin,ta,1,1720-01-01,1774-04-30,19844,54.33,1,0,1720-01-01..1774-04-30
Berlin,ta,2,1781-07-01,1786-12-31,2010,5.50,1,0,1781-07-01..1786-12-31
Berlin,ta,3,1788-01-01,1788-12-31,366,1.00,1,0,1788-01-01..1788-12-31
Bevers_Bovelin,Tn,1,1836-06-01,1836-07-31,61,0.17,1,0,1836-06-01..1836-07-31
Bevers_Bovelin,Tx,1,1836-06-03,1836-07-31,59,0.16,1,0,1836-06-03..1836-07-31
Bevers_Bovelin,p,1,1826-08-19,1831-12-31,1961,5.37,1,0,1826-08-19..1831-12-31
Bevers_Bovelin,p,2,1836-02-01,1836-07-31,182,0.50,1,0,1836-02-01..1836-07-31
Bevers_Bovelin,ta,1,1826-08-19,1831-12-31,1961,5.37,1,0,1826-08-19..1831-12-31
Bevers_Bovelin,ta,2,1835-11-01,1836-05-31,213,0.58,1,0,1835-11-01..1836-05-31
Bevers_Kraettli,p,1,1857-01-01,1858-03-31,455,1.25,1,0,1857-01-01..1858-03-31
Bevers_Kraettli,ta,1,1857-01-01,1858-03-31,455,1.25,1,0,1857-01-01..1858-03-31
Bjuraker,ta,1,1879-10-02,1966-12-31,31867,87.25,1,0,1879-10-02..1966-12-31
Bjuroklubb,ta,1,1879-10-03,1997-12-20,43178,118.22,1,0,1879-10-03..1997-12-20
Boehringen,dd,1,1763-01-01,1782-05-12,7072,19.36,1,0,1763-01-01..1782-05-12
Boehringen,p,1,1763-01-01,1782-05-12,7072,19.36,1,0,1763-01-01..1782-05-12
Boehringen,ta,1,1770-01-01,1782-05-12,4515,12.36,1,0,1770-01-01..1782-05-12
Bologna,dd,1,1782-01-01,1792-12-31,4018,11.00,1,0,1782-01-01..1792-12-31
Bologna,p,1,1782-01-14,1792-12-31,4005,10.97,1,0,1782-01-14..1792-12-31
Bologna,rr,1,1782-01-01,1791-12-31,3652,10.00,1,0,1782-01-01..1791-12-31
Bologna,ta,1,1715-01-01,2003-12-31,105555,289.00,3,0,1715-01-01..2003-12-31
Breda,dd,1,1726-01-01,1741-02-18,5528,15.14,1,0,1726-01-01..1741-02-18
Breda,p,1,1726-01-01,1741-02-18,5528,15.14,1,0,1726-01-01..1741-02-18
Breda,p,2,1778-09-01,1781-12-31,1218,3.33,1,0,1778-09-01..1781-12-31
Breda,ta,1,1726-01-01,1741-02-18,5528,15.14,1,0,1726-01-01..1741-02-18
Breda2,dd,1,1778-09-01,1781-12-31,1218,3.33,1,0,1778-09-01..1781-12-31
Breda2,p,1,1778-09-01,1781-12-31,1218,3.33,1,0,1778-09-01..1781-12-31
Breda2,rr,1,1778-09-01,1781-12-31,1218,3.33,1,0,1778-09-01..1781-12-31
Breda2,ta,1,1778-09-01,1781-12-31,1218,3.33,1,0,1778-09-01..1781-12-31
Bremen,ta,1,1890-01-01,2024-12-31,49308,135.00,1,0,1890-01-01..2024-12-31
Brussels,dd,1,1782-01-01,1792-12-31,4018,11.00,1,0,1782-01-01..1792-12-31
Brussels,p,1,1782-01-01,1792-12-31,4018,11.00,2,0,1782-01-01..1792-12-31
Brussels,rr,1,1786-01-01,1790-12-31,1826,5.00,1,0,1786-01-01..1790-12-31
Brussels,ta,1,1782-01-01,1792-12-31,4018,11.00,2,0,1782-01-01..1792-12-31
Brussels,w,1,1782-01-02,1792-12-31,4017,11.00,1,0,1782-01-02..1792-12-31
Budapest,dd,1,1781-11-01,1792-12-31,4079,11.17,1,0,1781-11-01..1792-12-31
Budapest,p,1,1781-11-08,1792-12-31,4072,11.15,2,0,1781-11-08..1792-12-31
Budapest,rr,1,1781-11-01,1786-12-31,1887,5.17,1,0,1781-11-01..1786-12-31
Budapest,ta,1,1781-11-08,1792-12-31,4072,11.15,2,0,1781-11-08..1792-12-31
Budapest,w,1,1781-11-08,1792-12-31,4072,11.15,1,0,1781-11-08..1792-12-31
Buxton,ta,1,1875-01-02,2024-12-31,54786,150.00,1,0,1875-01-02..2024-12-31
CBT,Tn,1,1767-01-01,1899-12-31,48577,133.00,1,0,1767-01-01..1899-12-31
CBT,Tx,1,1767-01-01,1899-12-31,48577,133.00,1,0,1767-01-01..1899-12-31
CBT,ta,1,1767-01-01,1899-12-31,48577,133.00,1,0,1767-01-01..1899-12-31
CET,ta,1,1772-01-01,2025-09-14,92664,253.71,1,0,1772-01-01..2025-09-14
CHIMES_AG01_Aarau_Bronner,p,1,1826-04-01,1830-12-31,1736,4.75,1,0,1826-04-01..1830-12-31
CHIMES_AG01_Aarau_Bronner,ta,1,1826-04-01,1830-12-31,1736,4.75,1,0,1826-04-01..1830-12-31
CHIMES_AG01_Aarau_Zschogge,p,1,1807-01-01,1865-12-31,21550,59.00,1,0,1807-01-01..1865-12-31
CHIMES_AG01_Aarau_Zschogge,rr,1,1857-04-01,1865-12-31,3197,8.75,1,0,1857-04-01..1865-12-31
CHIMES_AG01_Aarau_Zschogge,ta,1,1807-01-01,1865-12-31,21550,59.00,1,0,1807-01-01..1865-12-31
CHIMES_AG02_Tegerfelden,ta,1,1843-01-01,1853-12-31,4018,11.00,1,0,1843-01-01..1853-12-31
CHIMES_AR01_Herisau_Merz,Tn,1,1827-02-07,1828-05-14,463,1.27,1,0,1827-02-07..1828-05-14
CHIMES_AR01_Herisau_Merz,p,1,1821-10-01,1831-06-30,3560,9.75,1,0,1821-10-01..1831-06-30
CHIMES_AR01_Herisau_Merz,ta,1,1821-10-01,1831-06-30,3560,9.75,1,0,1821-10-01..1831-06-30
CHIMES_AR01_Herisau_Nef,Tn,1,1833-01-01,1844-01-27,4044,11.07,1,0,1833-01-01..1844-01-27
CHIMES_AR01_Herisau_Nef,p,1,1822-01-01,1844-01-27,8062,22.07,1,0,1822-01-01..1844-01-27
CHIMES_AR01_Herisau_Nef,ta,1,1822-01-01,1844-01-10,8045,22.03,1,0,1822-01-01..1844-01-10
CHIMES_AR02_Gais,Tn,1,1861-01-01,1864-02-28,1154,3.16,1,0,1861-01-01..1864-02-28
CHIMES_AR02_Gais,Tx,1,1861-01-01,1864-02-28,1154,3.16,1,0,1861-01-01..1864-02-28
CHIMES_AR02_Gais,ta,1,1861-02-13,1865-01-31,1449,3.97,1,0,1861-02-13..1865-01-31
CHIMES_BE01_Bern_Lombach,rr,1,1777-03-01,1789-12-31,4689,12.84,1,0,1777-03-01..1789-12-31
CHIMES_BE01_Bern_Reinhard,rr,1,1861-01-01,1863-11-30,1064,2.91,1,0,1861-01-01..1863-11-30
CHIMES_BE01_Bern_Tavel,rr,1,1761-07-01,1766-06-30,1826,5.00,1,0,1761-07-01..1766-06-30
CHIMES_BE01_Bern_Trechsel,Tn,1,1844-01-01,1846-12-31,1096,3.00,1,0,1844-01-01..1846-12-31
CHIMES_BE01_Bern_Trechsel,Tn,2,1848-01-01,1849-09-30,639,1.75,1,0,1848-01-01..1849-09-30
CHIMES_BE01_Bern_Trechsel,Tx,1,1848-01-01,1849-09-30,639,1.75,1,0,1848-01-01..1849-09-30
CHIMES_BE04_Beatenberg,p,1,1860-07-01,1863-11-30,1248,3.42,1,0,1860-07-01..1863-11-30
CHIMES_BE04_Beatenberg,ta,1,1860-07-01,1863-11-30,1248,3.42,1,0,1860-07-01..1863-11-30
CHIMES_BE07_Saanen,p,1,1860-09-01,1862-02-28,546,1.49,1,0,1860-09-01..1862-02-28
CHIMES_BE07_Saanen,ta,1,1860-09-01,1862-02-28,546,1.49,1,0,1860-09-01..1862-02-28
CHIMES_BE08_Utzenstorf,p,1,1834-01-01,1840-12-31,2557,7.00,1,0,1834-01-01..1840-12-31
CHIMES_BE08_Utzenstorf,ta,1,1834-01-01,1840-12-31,2557,7.00,1,0,1834-01-01..1840-12-31
CHIMES_BE09_Gottstatt,p,1,1841-01-01,1846-12-01,2161,5.92,1,0,1841-01-01..1846-12-01
CHIMES_BE09_Gottstatt,ta,1,1841-01-01,1847-02-28,2250,6.16,1,0,1841-01-01..1847-02-28
CHIMES_FR01_Fribourg,Tn,1,1829-01-01,1847-09-29,6846,18.74,1,0,1829-01-01..1847-09-29
CHIMES_FR01_Fribourg,Tx,1,1829-01-01,1847-09-29,6846,18.74,1,0,1829-01-01..1847-09-29
CHIMES_FR01_Fribourg,p,1,1829-01-01,1847-09-29,6846,18.74,2,0,1829-01-01..1847-09-29
CHIMES_FR01_Fribourg,rr,1,1829-01-01,1847-09-30,6847,18.75,1,0,1829-01-01..1847-09-30
CHIMES_FR01_Fribourg,ta,1,1829-01-01,1836-09-30,2830,7.75,1,0,1829-01-01..1836-09-30
CHIMES_GR01_Chur_Buol,p,1,1852-01-01,1865-12-31,5114,14.00,1,0,1852-01-01..1865-12-31
CHIMES_GR01_Chur_Buol,ta,1,1860-01-01,1865-12-31,2192,6.00,1,0,1860-01-01..1865-12-31
CHIMES_GR01_Chur_Herold,ta,1,1849-12-01,1857-12-31,2953,8.09,1,0,1849-12-01..1857-12-31
CHIMES_GR01_Chur_Killias,p,1,1862-01-01,1864-12-31,1096,3.00,1,0,1862-01-01..1864-12-31
CHIMES_GR01_Chur_Killias,rr,1,1862-01-01,1864-12-31,1096,3.00,1,0,1862-01-01..1864-12-31
CHIMES_GR01_Chur_Killias,ta,1,1862-01-01,1864-12-31,1096,3.00,1,0,1862-01-01..1864-12-31
CHIMES_GR01_Chur_Lambert,p,1,1755-08-01,1756-07-31,366,1.00,1,0,1755-08-01..1756-07-31
CHIMES_GR01_Chur_Meyer,p,1,1841-09-03,1843-03-09,553,1.51,1,0,1841-09-03..1843-03-09
CHIMES_GR01_Chur_Meyer,ta,1,1841-09-03,1843-03-09,553,1.51,1,0,1841-09-03..1843-03-09
CHIMES_GR01_Chur_Salis-Marschlins,p,1,1785-03-22,1790-06-09,1906,5.22,1,0,1785-03-22..1790-06-09
CHIMES_GR01_Chur_Salis-Marschlins,ta,1,1785-03-01,1790-05-20,1907,5.22,1,0,1785-03-01..1790-05-20
CHIMES_GR01_Chur_Unknown,p,1,1854-09-01,1858-04-30,1338,3.66,1,0,1854-09-01..1858-04-30
CHIMES_GR01_Chur_Unknown,ta,1,1854-09-01,1858-04-30,1338,3.66,1,0,1854-09-01..1858-04-30
CHIMES_GR01_Chur_Wehrli,p,1,1858-01-01,1861-12-31,1461,4.00,1,0,1858-01-01..1861-12-31
CHIMES_GR01_Chur_Wehrli,ta,1,1858-01-01,1861-12-31,1461,4.00,1,0,1858-01-01..1861-12-31
CHIMES_GR04_Marschlins,p,1,1782-01-01,1871-07-31,32718,89.58,2,0,1782-01-01..1871-07-31
CHIMES_GR04_Marschlins,ta,1,1782-01-01,1863-11-30,29918,81.91,1,0,1782-01-01..1863-11-30
CHIMES_GR04_Marschlins,ta,2,1864-02-01,1871-07-31,2738,7.50,2,0,1864-02-01..1871-07-31
CHIMES_GR05_Disentis_Carigiet,p,1,1858-12-04,1859-04-30,148,0.41,1,0,1858-12-04..1859-04-30
CHIMES_GR05_Disentis_Carigiet,ta,1,1858-12-04,1859-04-30,148,0.41,1,0,1858-12-04..1859-04-30
CHIMES_GR05_Disentis_Condrau,ta,1,1837-01-01,1840-07-18,1295,3.55,1,0,1837-01-01..1840-07-18
CHIMES_GR05_Disentis_Klinghardt,p,1,1842-01-01,1843-10-31,669,1.83,1,0,1842-01-01..1843-10-31
CHIMES_GR11_Nufenen,p,1,1834-12-06,1841-07-28,2427,6.64,1,0,1834-12-06..1841-07-28
CHIMES_GR11_Nufenen,ta,1,1834-12-06,1846-07-30,4255,11.65,1,0,1834-12-06..1846-07-30
CHIMES_JU01_Delemont,p,1,1801-12-22,1832-12-30,11332,31.03,1,0,1801-12-22..1832-12-30
CHIMES_JU01_Delemont,ta,1,1801-12-22,1832-12-30,11332,31.03,1,0,1801-12-22..1832-12-30
CHIMES_LU01_Luzern_Ineichen,p,1,1826-04-01,1832-04-30,2222,6.08,1,0,1826-04-01..1832-04-30
CHIMES_LU01_Luzern_Ineichen,ta,1,1826-04-01,1832-04-30,2222,6.08,1,0,1826-04-01..1832-04-30
CHIMES_LU01_Luzern_Schwytzer,p,1,1844-01-01,1864-12-31,7671,21.00,1,0,1844-01-01..1864-12-31
CHIMES_LU01_Luzern_Schwytzer,ta,1,1844-01-01,1864-12-31,7671,21.00,1,0,1844-01-01..1864-12-31
CHIMES_NE01_Neuchatel,p,1,1753-01-01,1782-12-22,10948,29.97,1,0,1753-01-01..1782-12-22
CHIMES_NE01_Neuchatel,ta,1,1753-01-01,1782-12-22,10948,29.97,1,0,1753-01-01..1782-12-22
CHIMES_NE02_Fontaines,p,1,1843-05-01,1862-09-30,7093,19.42,1,0,1843-05-01..1862-09-30
CHIMES_NE02_Fontaines,ta,1,1843-05-01,1862-09-30,7093,19.42,1,0,1843-05-01..1862-09-30
CHIMES_SG01_StGallen,p,1,1813-01-01,1853-06-07,14768,40.43,1,0,1813-01-01..1853-06-07
CHIMES_SG01_StGallen,ta,1,1813-01-01,1853-06-07,14768,40.43,1,0,1813-01-01..1853-06-07
CHIMES_SH01_Schaffhausen,p,1,1794-01-01,1845-10-28,18928,51.82,1,0,1794-01-01..1845-10-28
CHIMES_SH01_Schaffhausen,ta,1,1794-01-01,1845-10-28,18928,51.82,2,0,1794-01-01..1845-10-28
CHIMES_SO01_Solothurn,p,1,1826-03-11,1831-04-30,1877,5.14,1,0,1826-03-11..1831-04-30
CHIMES_SO01_Solothurn,ta,1,1826-03-11,1831-04-30,1877,5.14,1,0,1826-03-11..1831-04-30
CHIMES_SO02_Weissenstein,p,1,1828-09-01,1831-04-30,972,2.66,1,0,1828-09-01..1831-04-30
CHIMES_SO02_Weissenstein,ta,1,1828-09-01,1831-04-30,972,2.66,1,0,1828-09-01..1831-04-30
CHIMES_SZ01_Einsiedeln,Tn,1,1857-07-01,1857-12-31,184,0.50,1,0,1857-07-01..1857-12-31
CHIMES_SZ01_Einsiedeln,Tx,1,1857-07-01,1857-12-31,184,0.50,1,0,1857-07-01..1857-12-31
CHIMES_SZ01_Einsiedeln,p,1,1840-01-01,1864-12-31,9132,25.00,1,0,1840-01-01..1864-12-31
CHIMES_SZ01_Einsiedeln,rr,1,1864-01-01,1864-12-31,366,1.00,1,0,1864-01-01..1864-12-31
CHIMES_SZ01_Einsiedeln,ta,1,1818-12-17,1864-12-31,16817,46.04,1,0,1818-12-17..1864-12-31
CHIMES_TI01_Gotthard,p,1,1729-01-01,1792-12-31,23376,64.00,1,0,1729-01-01..1792-12-31
CHIMES_TI02_Bellinzona,p,1,1826-11-01,1832-10-31,2192,6.00,1,0,1826-11-01..1832-10-31
CHIMES_TI02_Bellinzona,ta,1,1826-11-01,1832-10-31,2192,6.00,1,0,1826-11-01..1832-10-31
CHIMES_VD01_Vevey,p,1,1805-12-01,1840-08-15,12677,34.71,1,0,1805-12-01..1840-08-15
CHIMES_VD01_Vevey,ta,1,1805-12-01,1840-08-15,12677,34.71,1,0,1805-12-01..1840-08-15
CHIMES_VD02_Lausanne_Unknown,ta,1,1808-02-01,1809-12-31,700,1.92,1,0,1808-02-01..1809-12-31
CHIMES_VD02_Lausanne_Verdeil,p,1,1783-01-23,1783-12-31,343,0.94,1,0,1783-01-23..1783-12-31
CHIMES_VD02_Lausanne_Verdeil,ta,1,1783-01-23,1783-12-31,343,0.94,1,0,1783-01-23..1783-12-31
CHIMES_VD04_Morges,Tn,1,1849-11-01,1854-11-30,1856,5.08,1,0,1849-11-01..1854-11-30
CHIMES_VD04_Morges,Tx,1,1849-11-01,1854-11-30,1856,5.08,1,0,1849-11-01..1854-11-30
CHIMES_VD04_Morges,p,1,1849-11-01,1854-11-30,1856,5.08,1,0,1849-11-01..1854-11-30
CHIMES_VD04_Morges,rr,1,1849-11-01,1854-11-30,1856,5.08,1,0,1849-11-01..1854-11-30
CHIMES_VD04_Morges,ta,1,1849-11-01,1854-11-30,1856,5.08,1,0,1849-11-01..1854-11-30
CHIMES_ZG01_Zug,ta,1,1843-06-01,1873-12-31,11172,30.59,1,0,1843-06-01..1873-12-31
CHIMES_ZH02_Ellikon,ta,1,1831-01-01,1840-06-30,3469,9.50,1,0,1831-01-01..1840-06-30
CHIMES_ZH03_Winterthur_Furrer,Tn,1,1861-01-01,1864-02-25,1151,3.15,1,0,1861-01-01..1864-02-25
CHIMES_ZH03_Winterthur_Furrer,Tx,1,1861-01-01,1864-01-03,1098,3.01,1,0,1861-01-01..1864-01-03
CHIMES_ZH03_Winterthur_Furrer,p,1,1857-11-01,1867-02-28,3407,9.33,1,0,1857-11-01..1867-02-28
CHIMES_ZH03_Winterthur_Unknown,p,1,1808-07-01,1816-04-30,2861,7.83,1,0,1808-07-01..1816-04-30
CHIMES_ZH03_Winterthur_Unknown,ta,1,1808-07-01,1816-04-30,2861,7.83,1,0,1808-07-01..1816-04-30
CHIMES_ZH04_Uetliberg,Tn,1,1852-02-01,1863-09-30,4260,11.66,1,0,1852-02-01..1863-09-30
CHIMES_ZH04_Uetliberg,p,1,1841-08-01,1863-11-30,8157,22.33,1,0,1841-08-01..1863-11-30
CHIMES_ZH04_Uetliberg,rr,1,1863-10-01,1863-11-30,61,0.17,1,0,1863-10-01..1863-11-30
CHIMES_ZH04_Uetliberg,ta,1,1841-08-01,1863-11-30,8157,22.33,1,0,1841-08-01..1863-11-30
CHIMES_ZH08_Kuesnacht,p,1,1852-01-11,1856-10-11,1736,4.75,1,0,1852-01-11..1856-10-11
CHIMES_ZH10_Dinhard,p,1,1794-01-01,1794-12-31,365,1.00,1,0,1794-01-01..1794-12-31
CHIMES_ZH10_Dinhard,ta,1,1794-01-01,1794-12-31,365,1.00,1,0,1794-01-01..1794-12-31
Cadiz,Tn,1,1786-01-01,1949-12-31,59899,164.00,1,0,1786-01-01..1949-12-31
Cadiz,Tx,1,1786-01-01,1949-12-31,59899,164.00,1,0,1786-01-01..1949-12-31
Cadiz,dd,1,1802-10-30,1803-12-30,427,1.17,1,0,1802-10-30..1803-12-30
Cadiz,dd,2,1816-08-30,1830-12-29,5235,14.33,1,0,1816-08-30..1830-12-29
Cadiz,p,1,1802-10-30,1803-12-30,427,1.17,1,0,1802-10-30..1803-12-30
Cadiz,p,2,1816-08-30,1949-12-31,48701,133.34,2,0,1816-08-30..1949-12-31
Cadiz,ta,1,1786-01-01,1949-12-31,59899,164.00,3,0,1786-01-01..1949-12-31
Cadiz_JMChacon,dd,1,1799-01-01,1800-12-31,730,2.00,1,0,1799-01-01..1800-12-31
Cadiz_JMChacon,p,1,1799-01-01,1800-12-31,730,2.00,2,0,1799-01-01..1800-12-31
Cadiz_JMChacon,ta,1,1799-01-01,1800-12-31,730,2.00,2,0,1799-01-01..1800-12-31
Cadiz_JMdeArejula,dd,1,1803-01-01,1803-10-17,290,0.79,1,0,1803-01-01..1803-10-17
Cadiz_JMdeArejula,p,1,1803-01-01,1803-10-17,290,0.79,1,0,1803-01-01..1803-10-17
Cadiz_JMdeArejula,ta,1,1803-01-01,1803-10-17,290,0.79,1,0,1803-01-01..1803-10-17
Cadiz_PMGonzalez,dd,1,1800-08-01,1800-10-31,92,0.25,1,0,1800-08-01..1800-10-31
Cadiz_PMGonzalez,ta,1,1800-08-01,1800-10-31,92,0.25,2,0,1800-08-01..1800-10-31
Cadiz_PerezLasso,dd,1,1820-01-01,1822-12-31,1096,3.00,1,0,1820-01-01..1822-12-31
Cadiz_PerezLasso,p,1,1820-01-01,1822-12-31,1096,3.00,1,0,1820-01-01..1822-12-31
Cadiz_PerezLasso,rr,1,1820-01-01,1822-12-31,1096,3.00,1,0,1820-01-01..1822-12-31
Cadiz_PerezLasso,ta,1,1820-01-01,1822-12-31,1096,3.00,1,0,1820-01-01..1822-12-31
Cadiz_deMolina-deUrena,ta,1,1803-01-01,1803-12-31,365,1.00,1,0,1803-01-01..1803-12-31
Cartagena,dd,1,1804-08-13,1807-12-31,1236,3.38,1,0,1804-08-13..1807-12-31
Cartagena,p,1,1804-08-13,1807-12-31,1236,3.38,1,0,1804-08-13..1807-12-31
Cartagena,ta,1,1804-08-13,1807-12-31,1236,3.38,1,0,1804-08-13..1807-12-31
Copenhagen,dd,1,1782-01-01,1788-12-31,2557,7.00,1,0,1782-01-01..1788-12-31
Copenhagen,eee,1,1782-01-01,1786-12-31,1826,5.00,1,0,1782-01-01..1786-12-31
Copenhagen,p,1,1782-01-01,1788-12-31,2557,7.00,2,0,1782-01-01..1788-12-31
Copenhagen,rr,1,1782-01-01,1786-12-31,1826,5.00,1,0,1782-01-01..1786-12-31
Copenhagen,ta,1,1782-01-01,1788-12-31,2557,7.00,2,0,1782-01-01..1788-12-31
Copenhagen,w,1,1782-01-01,1788-12-30,2556,7.00,1,0,1782-01-01..1788-12-30
DeBilt,dd,1,1897-01-01,1905-12-31,3286,9.00,1,0,1897-01-01..1905-12-31
DeBilt,p,1,1897-01-01,1903-12-31,2555,7.00,1,0,1897-01-01..1903-12-31
DeBilt,rh,1,1897-01-01,1905-12-31,3286,9.00,1,0,1897-01-01..1905-12-31
DeBilt,rr,1,1897-01-01,1905-12-31,3286,9.00,1,0,1897-01-01..1905-12-31
DeBilt,ta,1,1897-01-01,1905-12-31,3286,9.00,1,0,1897-01-01..1905-12-31
Delft,dd,1,1784-01-17,1786-12-31,1080,2.96,1,0,1784-01-17..1786-12-31
Delft,eee,1,1784-01-17,1786-12-31,1080,2.96,1,0,1784-01-17..1786-12-31
Delft,p,1,1784-01-17,1786-12-31,1080,2.96,1,0,1784-01-17..1786-12-31
Delft,rr,1,1784-01-17,1786-12-31,1080,2.96,1,0,1784-01-17..1786-12-31
Delft,ta,1,1777-11-22,1795-12-31,6614,18.11,2,0,1777-11-22..1795-12-31
Delft,ta,2,1801-09-01,1818-10-14,6253,17.12,1,0,1801-09-01..1818-10-14
Delft,w,1,1784-01-17,1786-12-31,1080,2.96,1,0,1784-01-17..1786-12-31
Delft_Rijnsburg,ta,1,1706-01-01,1734-12-31,10592,29.00,1,0,1706-01-01..1734-12-31
Delsbo,ta,1,1878-01-03,1995-11-30,43065,117.91,1,0,1878-01-03..1995-11-30
DenHaag,dd,1,1782-09-01,1783-04-30,242,0.66,1,0,1782-09-01..1783-04-30
DenHaag,p,1,1782-09-01,1783-04-30,242,0.66,1,0,1782-09-01..1783-04-30
DenHaag,ta,1,1782-09-01,1783-04-30,242,0.66,1,0,1782-09-01..1783-04-30
DenHaag,w,1,1782-09-01,1783-04-30,242,0.66,1,0,1782-09-01..1783-04-30
DenHelder,Tn,1,1850-12-01,1905-12-31,20119,55.08,1,0,1850-12-01..1905-12-31
DenHelder,Tx,1,1850-12-01,1905-12-31,20119,55.08,1,0,1850-12-01..1905-12-31
DenHelder,dd,1,1848-12-01,1905-12-31,20849,57.08,1,0,1848-12-01..1905-12-31
DenHelder,p,1,1850-12-01,1903-12-31,19388,53.08,1,0,1850-12-01..1903-12-31
DenHelder,rh,1,1850-12-01,1905-12-31,20119,55.08,1,0,1850-12-01..1905-12-31
DenHelder,rr,1,1850-12-01,1905-12-31,20119,55.08,1,0,1850-12-01..1905-12-31
DenHelder,ta,1,1850-12-01,1905-12-31,20119,55.08,1,0,1850-12-01..1905-12-31
DigiHom_Genf,ta,1,1798-12-01,1860-11-30,22645,62.00,1,0,1798-12-01..1860-11-30
Dijon,dd,1,1783-01-01,1784-12-31,731,2.00,1,0,1783-01-01..1784-12-31
Dijon,eee,1,1783-01-01,1784-12-31,731,2.00,1,0,1783-01-01..1784-12-31
Dijon,p,1,1783-01-01,1784-12-31,731,2.00,1,0,1783-01-01..1784-12-31
Dijon,rr,1,1783-01-01,1784-12-31,731,2.00,1,0,1783-01-01..1784-12-31
Dijon,ta,1,1783-01-01,1784-12-31,731,2.00,1,0,1783-01-01..1784-12-31
Dijon,w,1,1783-01-01,1784-12-31,731,2.00,1,0,1783-01-01..1784-12-31
Dnipro,p,1,1833-01-01,1851-01-12,6586,18.03,1,0,1833-01-01..1851-01-12
Dnipro,ta,1,1833-01-01,1851-01-12,6586,18.03,1,0,1833-01-01..1851-01-12
Domodossola,ta,1,1871-12-01,2014-06-30,52077,142.58,1,0,1871-12-01..2014-06-30
Duesseldorf,dd,1,1782-02-01,1784-12-31,1065,2.92,1,0,1782-02-01..1784-12-31
Duesseldorf,p,1,1782-02-01,1784-12-31,1065,2.92,1,0,1782-02-01..1784-12-31
Duesseldorf,ta,1,1782-02-01,1784-12-31,1065,2.92,1,0,1782-02-01..1784-12-31
Eidsberg,dd,1,1787-01-01,1787-12-31,365,1.00,1,0,1787-01-01..1787-12-31
Eidsberg,p,1,1787-01-01,1787-12-31,365,1.00,1,0,1787-01-01..1787-12-31
Eidsberg,ta,1,1787-01-01,1787-12-31,365,1.00,1,0,1787-01-01..1787-12-31
Eidsberg,w,1,1787-01-01,1787-12-31,365,1.00,1,0,1787-01-01..1787-12-31
ElKala,ta,1,1877-04-08,1922-12-31,16703,45.73,1,0,1877-04-08..1922-12-31
Erfurt,dd,1,1781-01-01,1788-12-31,2922,8.00,1,0,1781-01-01..1788-12-31
Erfurt,p,1,1781-01-01,1786-12-31,2191,6.00,1,0,1781-01-01..1786-12-31
Erfurt,p,2,1788-01-01,1788-12-31,366,1.00,1,0,1788-01-01..1788-12-31
Erfurt,ta,1,1781-01-01,1786-12-31,2191,6.00,1,0,1781-01-01..1786-12-31
Erfurt,ta,2,1788-01-01,1788-12-31,366,1.00,1,0,1788-01-01..1788-12-31
Erfurt,w,1,1781-01-01,1788-12-31,2922,8.00,1,0,1781-01-01..1788-12-31
Extremadura-Alange,dd,1,1882-06-24,1884-09-30,830,2.27,1,0,1882-06-24..1884-09-30
Extremadura-Alange,dd,2,1885-06-24,1893-09-30,3021,8.27,1,0,1885-06-24..1893-09-30
Extremadura-Alange,p,1,1866-07-01,1866-09-30,92,0.25,1,0,1866-07-01..1866-09-30
Extremadura-Alange,p,2,1868-07-01,1868-09-30,92,0.25,1,0,1868-07-01..1868-09-30
Extremadura-Alange,p,3,1882-06-24,1893-09-30,4117,11.27,1,0,1882-06-24..1893-09-30
Extremadura-Alange,rh,1,1866-07-01,1866-09-30,92,0.25,1,0,1866-07-01..1866-09-30
Extremadura-Alange,rh,2,1868-07-01,1868-09-30,92,0.25,1,0,1868-07-01..1868-09-30
Extremadura-Alange,ta,1,1866-07-01,1866-09-30,92,0.25,1,0,1866-07-01..1866-09-30
Extremadura-Alange,ta,2,1868-07-01,1868-09-30,92,0.25,1,0,1868-07-01..1868-09-30
Extremadura-Alange,ta,3,1877-07-02,1877-09-30,91,0.25,1,0,1877-07-02..1877-09-30
Extremadura-Alange,ta,4,1882-06-24,1893-09-30,4117,11.27,1,0,1882-06-24..1893-09-30
Extremadura-Badajoz,dd,1,1830-02-01,1833-07-15,1261,3.45,1,0,1830-02-01..1833-07-15
Extremadura-Badajoz,dd,2,1880-10-25,1889-07-09,3180,8.71,1,0,1880-10-25..1889-07-09
Extremadura-Badajoz,p,1,1830-02-01,1833-07-15,1261,3.45,1,0,1830-02-01..1833-07-15
Extremadura-Badajoz,p,2,1880-10-25,1889-07-09,3180,8.71,1,0,1880-10-25..1889-07-09
Extremadura-Badajoz,ta,1,1830-02-01,1833-07-15,1261,3.45,1,0,1830-02-01..1833-07-15
Extremadura-Badajoz,ta,2,1880-10-25,1889-07-09,3180,8.71,1,0,1880-10-25..1889-07-09
Extremadura-Ba√±os_de_Montemayor,ta,1,1883-06-01,1887-09-30,1583,4.33,1,0,1883-06-01..1887-09-30
Extremadura-Cabeza_la_Vaca,Tn,1,1882-01-06,1883-12-31,725,1.98,1,0,1882-01-06..1883-12-31
Extremadura-Cabeza_la_Vaca,Tx,1,1882-01-06,1883-12-31,725,1.98,1,0,1882-01-06..1883-12-31
Extremadura-Cabeza_la_Vaca,dd,1,1882-01-06,1883-12-31,725,1.98,1,0,1882-01-06..1883-12-31
Extremadura-Cabeza_la_Vaca,p,1,1882-01-06,1883-12-31,725,1.98,1,0,1882-01-06..1883-12-31
Extremadura-Cabeza_la_Vaca,rr,1,1882-01-06,1883-12-31,725,1.98,1,0,1882-01-06..1883-12-31
Extremadura-Caceres,dd,1,1880-10-25,1889-07-09,3180,8.71,1,0,1880-10-25..1889-07-09
Extremadura-Caceres,p,1,1880-10-25,1889-07-09,3180,8.71,1,0,1880-10-25..1889-07-09
Extremadura-Caceres,ta,1,1880-10-25,1889-07-09,3180,8.71,1,0,1880-10-25..1889-07-09
Extremadura-Valdesevilla,dd,1,1880-06-12,1883-07-22,1136,3.11,1,0,1880-06-12..1883-07-22
Extremadura-Valdesevilla,p,1,1880-06-12,1883-07-22,1136,3.11,1,0,1880-06-12..1883-07-22
Extremadura-Valdesevilla,ta,1,1880-06-12,1883-07-22,1136,3.11,1,0,1880-06-12..1883-07-22
Extremadura-Valencia_del_Ventoso,Tn,1,1882-01-01,1883-11-30,699,1.91,1,0,1882-01-01..1883-11-30
Extremadura-Valencia_del_Ventoso,Tx,1,1882-01-01,1883-11-30,699,1.91,1,0,1882-01-01..1883-11-30
Extremadura-Valencia_del_Ventoso,dd,1,1882-01-01,1883-11-30,699,1.91,1,0,1882-01-01..1883-11-30
Extremadura-Valencia_del_Ventoso,p,1,1882-01-01,1883-11-30,699,1.91,1,0,1882-01-01..1883-11-30
Extremadura-Valencia_del_Ventoso,rr,1,1882-01-01,1883-11-30,699,1.91,1,0,1882-01-01..1883-11-30
Extremadura-Zafra,ta,1,1826-06-26,1827-08-27,428,1.17,1,0,1826-06-26..1827-08-27
Falun,ta,1,1860-01-01,2024-12-31,60266,165.00,1,0,1860-01-01..2024-12-31
Fichtelberg,ta,1,1890-08-01,2024-12-31,49096,134.42,1,0,1890-08-01..2024-12-31
Florence,p,1,1785-01-01,1788-12-26,1456,3.99,1,0,1785-01-01..1788-12-26
Florence,ta,1,1751-01-01,1766-12-31,5844,16.00,1,0,1751-01-01..1766-12-31
Florence,ta,2,1785-01-05,1788-12-30,1456,3.99,1,0,1785-01-05..1788-12-30
Frankfurt,dd,1,1749-01-01,1755-11-10,2505,6.86,1,0,1749-01-01..1755-11-10
Frankfurt,p,1,1749-01-01,1755-12-31,2556,7.00,1,0,1749-01-01..1755-12-31
Frankfurt,ta,1,1749-01-01,1755-12-31,2556,7.00,1,0,1749-01-01..1755-12-31
GCOS_Basel_Burckhardt,p,1,1825-09-15,1827-12-31,838,2.29,1,0,1825-09-15..1827-12-31
GCOS_Basel_Burckhardt,ta,1,1825-09-15,1827-12-31,838,2.29,1,0,1825-09-15..1827-12-31
GCOS_Basel_Fuerstenberger,Tn,1,1826-04-01,1827-08-29,516,1.41,1,0,1826-04-01..1827-08-29
GCOS_Basel_Fuerstenberger,Tn,2,1828-01-06,1828-07-12,189,0.52,1,0,1828-01-06..1828-07-12
GCOS_Basel_Fuerstenberger,Tn,3,1828-11-01,1828-11-02,2,0.01,1,0,1828-11-01..1828-11-02
GCOS_Basel_Fuerstenberger,Tx,1,1826-04-01,1827-09-09,527,1.44,1,0,1826-04-01..1827-09-09
GCOS_Basel_Fuerstenberger,Tx,2,1828-01-06,1828-07-12,189,0.52,1,0,1828-01-06..1828-07-12
GCOS_Basel_Fuerstenberger,Tx,3,1828-11-01,1828-11-02,2,0.01,1,0,1828-11-01..1828-11-02
GCOS_Basel_Fuerstenberger,p,1,1826-04-01,1832-12-31,2467,6.75,3,10,1826-04-01..1832-12-31
GCOS_Basel_Fuerstenberger,ta,1,1826-04-01,1832-12-31,2467,6.75,5,10,1826-04-01..1832-12-31
GCOS_Basel_Huber,p,1,1789-01-01,1829-10-24,14906,40.81,2,0,1789-01-01..1829-10-24
GCOS_Basel_Huber,ta,1,1789-01-01,1829-10-24,14906,40.81,6,0,1789-01-01..1829-10-24
GCOS_Basel_Kaufmann,p,1,1862-06-01,1863-10-12,499,1.37,1,0,1862-06-01..1863-10-12
GCOS_Basel_Kaufmann,ta,1,1862-06-01,1863-10-12,499,1.37,1,0,1862-06-01..1863-10-12
GCOS_Basel_Merian,Tn,1,1828-10-24,1863-12-31,12852,35.19,3,0,1828-10-24..1863-12-31
GCOS_Basel_Merian,Tx,1,1828-10-24,1863-12-31,12852,35.19,3,0,1828-10-24..1863-12-31
GCOS_Basel_Merian,p,1,1828-01-01,1863-12-31,13149,36.00,3,0,1828-01-01..1863-12-31
GCOS_Basel_Merian,rh,1,1828-01-01,1836-11-15,3242,8.88,2,0,1828-01-01..1836-11-15
GCOS_Basel_Merian,ta,1,1828-01-01,1863-12-31,13149,36.00,3,0,1828-01-01..1863-12-31
GCOS_Basel_Ryhiner,p,1,1766-01-01,1772-12-31,2557,7.00,1,0,1766-01-01..1772-12-31
GCOS_Basel_Ryhiner,ta,1,1766-01-01,1772-12-31,2557,7.00,1,0,1766-01-01..1772-12-31
GCOS_Basel_Schneider,p,1,1838-06-01,1846-09-09,3023,8.28,1,0,1838-06-01..1846-09-09
GCOS_Basel_Schneider,ta,1,1838-06-01,1846-09-09,3023,8.28,1,0,1838-06-01..1846-09-09
GCOS_Basel_Socin,p,1,1783-06-16,1796-12-31,4948,13.55,1,0,1783-06-16..1796-12-31
GCOS_Basel_Socin,ta,1,1783-06-16,1796-12-31,4948,13.55,1,0,1783-06-16..1796-12-31
GCOS_Basel_Wolleb,p,1,1777-04-05,1785-05-31,2979,8.16,1,0,1777-04-05..1785-05-31
GCOS_Basel_Wolleb,ta,1,1777-04-05,1785-05-31,2979,8.16,1,0,1777-04-05..1785-05-31
GCOS_Basel_Zwinger,p,1,1755-01-01,1755-05-31,151,0.41,1,0,1755-01-01..1755-05-31
GCOS_Basel_Zwinger,ta,1,1755-01-01,1755-05-31,151,0.41,1,0,1755-01-01..1755-05-31
GCOS_Basel_dAnnone,p,1,1755-06-01,1804-09-16,18005,49.30,1,0,1755-06-01..1804-09-16
GCOS_Basel_dAnnone,ta,1,1755-06-01,1804-09-16,18005,49.30,1,0,1755-06-01..1804-09-16
GCOS_Bern_Benoit,p,1,1837-10-01,1853-04-15,5676,15.54,1,0,1837-10-01..1853-04-15
GCOS_Bern_Benoit,ta,1,1837-10-01,1853-04-15,5676,15.54,1,0,1837-10-01..1853-04-15
GCOS_Bern_Fueter,p,1,1805-03-15,1816-06-30,4126,11.30,1,0,1805-03-15..1816-06-30
GCOS_Bern_Fueter,p,2,1819-01-01,1833-11-21,5439,14.89,1,0,1819-01-01..1833-11-21
GCOS_Bern_Fueter,ta,1,1803-12-10,1806-11-01,1058,2.90,1,0,1803-12-10..1806-11-01
GCOS_Bern_Fueter,ta,2,1819-01-01,1833-11-21,5439,14.89,1,0,1819-01-01..1833-11-21
GCOS_Bern_Koch,p,1,1855-12-01,1860-06-30,1674,4.58,1,0,1855-12-01..1860-06-30
GCOS_Bern_Koch,ta,1,1855-12-01,1860-06-30,1674,4.58,1,0,1855-12-01..1860-06-30
GCOS_Bern_Lombach,p,1,1777-01-01,1789-12-31,4748,13.00,2,0,1777-01-01..1789-12-31
GCOS_Bern_Lombach,ta,1,1777-01-01,1789-12-31,4748,13.00,2,0,1777-01-01..1789-12-31
GCOS_Bern_Observatory,rr,1,1863-06-01,1863-11-30,183,0.50,1,0,1863-06-01..1863-11-30
GCOS_Bern_Reinhard,p,1,1860-11-01,1863-11-30,1125,3.08,1,0,1860-11-01..1863-11-30
GCOS_Bern_Reinhard,ta,1,1860-11-01,1863-11-30,1125,3.08,1,0,1860-11-01..1863-11-30
GCOS_Bern_Simler,Tn,1,1863-06-01,1863-11-30,183,0.50,1,0,1863-06-01..1863-11-30
GCOS_Bern_Simler,Tx,1,1863-06-01,1863-11-30,183,0.50,1,0,1863-06-01..1863-11-30
GCOS_Bern_Simler,p,1,1863-06-01,1863-11-30,183,0.50,1,0,1863-06-01..1863-11-30
GCOS_Bern_Simler,ta,1,1863-06-01,1863-11-30,183,0.50,1,0,1863-06-01..1863-11-30
GCOS_Bern_Studer,p,1,1779-12-20,1789-11-30,3634,9.95,3,0,1779-12-20..1789-11-30
GCOS_Bern_Studer,p,2,1797-01-07,1827-07-09,11140,30.50,5,16,1797-01-07..1827-07-09
GCOS_Bern_Studer,ta,1,1779-12-20,1789-11-30,3634,9.95,3,0,1779-12-20..1789-11-30
GCOS_Bern_Studer,ta,2,1797-01-07,1827-07-09,11140,30.50,6,16,1797-01-07..1827-07-09
GCOS_Bern_Tavel,p,1,1760-01-01,1766-06-30,2373,6.50,1,0,1760-01-01..1766-06-30
GCOS_Bern_Tavel,ta,1,1760-01-01,1766-06-30,2373,6.50,1,0,1760-01-01..1766-06-30
GCOS_Bern_Trechsel,p,1,1826-04-01,1846-12-31,7580,20.75,1,0,1826-04-01..1846-12-31
GCOS_Bern_Trechsel,p,2,1848-01-01,1849-09-30,639,1.75,1,0,1848-01-01..1849-09-30
GCOS_Bern_Trechsel,ta,1,1826-04-01,1846-12-31,7580,20.75,1,0,1826-04-01..1846-12-31
GCOS_Bern_Trechsel,ta,2,1848-01-01,1849-09-30,639,1.75,1,0,1848-01-01..1849-09-30
GCOS_Bern_Wolf,p,1,1851-05-01,1855-05-26,1487,4.07,1,0,1851-05-01..1855-05-26
GCOS_Bern_Wolf,ta,1,1851-05-01,1855-05-26,1487,4.07,1,0,1851-05-01..1855-05-26
GCOS_Bueren,p,1,1789-12-20,1797-01-06,2575,7.05,2,0,1789-12-20..1797-01-06
GCOS_Bueren,ta,1,1789-12-20,1797-01-06,2575,7.05,2,0,1789-12-20..1797-01-06
GCOS_Burgdorf,p,1,1857-01-01,1864-12-31,2922,8.00,1,0,1857-01-01..1864-12-31
GCOS_Burgdorf,ta,1,1851-05-01,1864-12-31,4994,13.67,1,0,1851-05-01..1864-12-31
GCOS_Geneva_Deluc,p,1,1767-01-10,1801-01-01,12410,33.98,1,0,1767-01-10..1801-01-01
GCOS_Geneva_Deluc,ta,1,1767-01-10,1800-12-31,12409,33.97,1,0,1767-01-10..1800-12-31
GCOS_Geneva_JdG,p,1,1787-07-26,1791-07-27,1463,4.01,1,0,1787-07-26..1791-07-27
GCOS_Geneva_JdG,ta,1,1787-07-26,1791-07-27,1463,4.01,1,0,1787-07-26..1791-07-27
GCOS_Geneva_Lubieres,p,1,1760-01-01,1769-12-31,3653,10.00,2,0,1760-01-01..1769-12-31
GCOS_Geneva_Lubieres,ta,1,1760-01-01,1769-12-31,3653,10.00,2,0,1760-01-01..1769-12-31
GCOS_Geneva_Mallet,p,1,1786-03-06,1786-05-18,74,0.20,1,0,1786-03-06..1786-05-18
GCOS_Geneva_Mallet,rr,1,1786-03-01,1786-05-19,80,0.22,1,0,1786-03-01..1786-05-19
GCOS_Geneva_Mallet,ta,1,1786-03-06,1786-05-19,75,0.21,1,0,1786-03-06..1786-05-19
GCOS_Kuesnacht,Tn,1,1852-01-11,1856-11-15,1771,4.85,1,0,1852-01-11..1856-11-15
GCOS_Kuesnacht,Tx,1,1852-01-11,1856-11-15,1771,4.85,1,0,1852-01-11..1856-11-15
GCOS_Kuesnacht,ta,1,1852-01-11,1856-11-15,1771,4.85,1,0,1852-01-11..1856-11-15
GCOS_Sutz,p,1,1785-01-01,1802-12-31,6573,18.00,1,0,1785-01-01..1802-12-31
GCOS_Sutz,ta,1,1785-01-01,1802-12-31,6573,18.00,1,0,1785-01-01..1802-12-31
GCOS_Winterthur,ta,1,1857-11-01,1867-02-28,3407,9.33,1,0,1857-11-01..1867-02-28
GCOS_Zurich_Bruegger,Tn,1,1860-07-01,1861-03-31,274,0.75,1,0,1860-07-01..1861-03-31
GCOS_Zurich_Bruegger,Tx,1,1860-07-01,1861-03-31,274,0.75,1,0,1860-07-01..1861-03-31
GCOS_Zurich_Bruegger,ta,1,1860-07-01,1866-04-14,2114,5.79,1,0,1860-07-01..1866-04-14
GCOS_Zurich_Hirzel,ta,1,1761-01-01,1786-12-31,9496,26.00,1,0,1761-01-01..1786-12-31
GCOS_Zurich_Meyer,ta,1,1759-06-01,1764-12-31,2041,5.59,1,0,1759-06-01..1764-12-31
GCOS_Zurich_NGZ,Tn,1,1836-01-01,1852-12-31,6210,17.00,2,0,1836-01-01..1852-12-31
GCOS_Zurich_NGZ,Tx,1,1836-01-01,1852-12-31,6210,17.00,2,0,1836-01-01..1852-12-31
GCOS_Zurich_NGZ,p,1,1836-01-01,1852-12-31,6210,17.00,2,0,1836-01-01..1852-12-31
GCOS_Zurich_NGZ,rr,1,1836-01-01,1852-12-31,6210,17.00,1,0,1836-01-01..1852-12-31
GCOS_Zurich_NGZ,ta,1,1836-01-01,1852-12-31,6210,17.00,3,0,1836-01-01..1852-12-31
GCOS_Zurich_Ott,ta,1,1756-07-13,1769-06-20,4726,12.94,1,0,1756-07-13..1769-06-20
GCOS_Zurich_SNG,p,1,1830-06-14,1832-03-31,657,1.80,3,0,1830-06-14..1832-03-31
GCOS_Zurich_SNG,ta,1,1830-06-14,1832-03-31,657,1.80,3,0,1830-06-14..1832-03-31
GCOS_Zurich_Scheuchzer,p,1,1708-01-01,1733-06-20,9303,25.47,1,0,1708-01-01..1733-06-20
GCOS_Zurich_Unknown,ta,1,1761-01-01,1761-07-29,210,0.57,1,0,1761-01-01..1761-07-29
GCOS_Zurich_Weiss,p,1,1823-12-01,1835-08-18,4279,11.72,1,0,1823-12-01..1835-08-18
GCOS_Zurich_Weiss,ta,1,1823-12-01,1835-08-18,4279,11.72,1,0,1823-12-01..1835-08-18
Gallivare,ta,1,1888-11-01,2024-12-31,49734,136.17,1,0,1888-11-01..2024-12-31
Gdansk,p,1,1807-01-01,1807-12-31,365,1.00,1,0,1807-01-01..1807-12-31
Gdansk,ta,1,1807-01-01,1807-12-31,365,1.00,1,0,1807-01-01..1807-12-31
Geisenheim,ta,1,1884-07-01,2024-12-31,51318,140.50,1,0,1884-07-01..2024-12-31
Geneva,p,1,1782-01-01,1789-12-31,2922,8.00,2,0,1782-01-01..1789-12-31
Geneva,rr,1,1782-01-01,1789-12-31,2922,8.00,1,0,1782-01-01..1789-12-31
Geneva,ta,1,1782-01-01,1789-12-31,2922,8.00,2,0,1782-01-01..1789-12-31
Girona,ta,1,1896-11-01,1966-12-31,25627,70.16,1,0,1896-11-01..1966-12-31
Godegard,ta,1,1878-08-17,1988-02-29,40008,109.54,1,0,1878-08-17..1988-02-29
Godthaab,dd,1,1786-10-01,1787-07-01,274,0.75,1,0,1786-10-01..1787-07-01
Godthaab,p,1,1787-01-01,1787-06-30,181,0.50,1,0,1787-01-01..1787-06-30
Godthaab,ta,1,1787-01-01,1787-06-30,181,0.50,1,0,1787-01-01..1787-06-30
Godthaab,w,1,1786-10-01,1787-07-01,274,0.75,1,0,1786-10-01..1787-07-01
Goettingen,dd,1,1783-01-01,1787-12-31,1826,5.00,1,0,1783-01-01..1787-12-31
Goettingen,eee,1,1783-01-01,1785-12-31,1096,3.00,1,0,1783-01-01..1785-12-31
Goettingen,p,1,1783-01-01,1785-12-31,1096,3.00,1,0,1783-01-01..1785-12-31
Goettingen,rr,1,1783-01-01,1785-12-31,1096,3.00,1,0,1783-01-01..1785-12-31
Goettingen,ta,1,1783-01-01,1785-12-31,1096,3.00,1,0,1783-01-01..1785-12-31
Goettingen,w,1,1783-01-01,1787-12-31,1826,5.00,1,0,1783-01-01..1787-12-31
Gospic,ta,1,1872-10-06,2021-12-31,54508,149.24,1,0,1872-10-06..2021-12-31
Gotthard,ta,1,1781-06-01,1792-12-31,4232,11.59,1,0,1781-06-01..1792-12-31
Gotthardpass,dd,1,1781-06-01,1789-12-31,3136,8.59,1,0,1781-06-01..1789-12-31
Granada,dd,1,1820-06-30,1820-07-30,31,0.08,1,0,1820-06-30..1820-07-30
Granada,p,1,1820-06-30,1820-07-30,31,0.08,1,0,1820-06-30..1820-07-30
Granada,ta,1,1728-12-01,1730-02-28,455,1.25,1,0,1728-12-01..1730-02-28
Granada,ta,2,1813-01-01,1813-02-28,59,0.16,1,0,1813-01-01..1813-02-28
Granada,ta,3,1820-06-30,1820-07-30,31,0.08,1,0,1820-06-30..1820-07-30
Granada_Dalmau,dd,1,1796-05-28,1797-09-30,491,1.34,1,0,1796-05-28..1797-09-30
Granada_Dalmau,p,1,1796-05-28,1797-09-30,491,1.34,1,0,1796-05-28..1797-09-30
Granada_Dalmau,ta,1,1796-05-28,1797-09-30,491,1.34,1,0,1796-05-28..1797-09-30
Groningen,Tn,1,1892-01-01,1905-12-31,5113,14.00,1,0,1892-01-01..1905-12-31
Groningen,Tx,1,1892-01-01,1905-12-31,5113,14.00,1,0,1892-01-01..1905-12-31
Groningen,dd,1,1848-12-01,1905-12-31,20849,57.08,1,0,1848-12-01..1905-12-31
Groningen,p,1,1850-12-01,1903-12-31,19388,53.08,1,0,1850-12-01..1903-12-31
Groningen,rh,1,1850-12-01,1905-12-31,20119,55.08,1,0,1850-12-01..1905-12-31
Groningen,rr,1,1852-07-30,1905-12-31,19512,53.42,1,0,1852-07-30..1905-12-31
Groningen,ta,1,1850-12-01,1905-12-31,20119,55.08,1,0,1850-12-01..1905-12-31
Gumri,ta,1,1895-09-01,1992-04-30,35306,96.66,1,0,1895-09-01..1992-04-30
Gurzelen,dd,1,1771-01-01,1784-12-31,5114,14.00,1,0,1771-01-01..1784-12-31
Gurzelen,p,1,1768-09-01,1784-12-31,5966,16.33,1,0,1768-09-01..1784-12-31
Gurzelen,ta,1,1766-02-01,1784-12-31,6909,18.92,1,0,1766-02-01..1784-12-31
Haarlem,dd,1,1735-01-01,1840-12-31,38716,106.00,1,0,1735-01-01..1840-12-31
Haarlem,p,1,1735-01-01,1840-12-31,38716,106.00,1,0,1735-01-01..1840-12-31
Haarlem,rr,1,1735-01-05,1742-12-31,2918,7.99,1,0,1735-01-05..1742-12-31
Haarlem,ta,1,1735-01-01,1840-12-31,38716,106.00,1,0,1735-01-01..1840-12-31
Halle,dd,1,1700-01-01,1700-12-31,365,1.00,1,0,1700-01-01..1700-12-31
Halle,p,1,1700-01-01,1700-12-31,365,1.00,1,0,1700-01-01..1700-12-31
Halle,ta,1,1700-01-01,1700-12-31,365,1.00,1,0,1700-01-01..1700-12-31
Halle,ta,2,1851-01-01,1966-12-31,42368,116.00,1,0,1851-01-01..1966-12-31
Haparanda,ta,1,1859-07-16,2012-12-31,56052,153.47,1,0,1859-07-16..2012-12-31
Harnosand,ta,1,1858-11-01,2024-12-31,60692,166.17,1,0,1858-11-01..2024-12-31
Henichesk,ta,1,1883-01-01,2022-02-15,50815,139.13,1,0,1883-01-01..2022-02-15
Hochobir,ta,1,1881-03-20,1944-06-30,23113,63.28,1,0,1881-03-20..1944-06-30
Hohenpeissenberg,p,1,1781-01-01,1792-12-31,4383,12.00,2,0,1781-01-01..1792-12-31
Hohenpeissenberg,ta,1,1781-01-01,1792-12-31,4383,12.00,2,0,1781-01-01..1792-12-31
Ingolstadt,dd,1,1781-01-01,1782-12-31,730,2.00,1,0,1781-01-01..1782-12-31
Ingolstadt,p,1,1781-01-01,1782-12-31,730,2.00,1,0,1781-01-01..1782-12-31
Ingolstadt,rr,1,1781-01-01,1782-12-31,730,2.00,1,0,1781-01-01..1782-12-31
Ingolstadt,ta,1,1781-01-01,1782-12-31,730,2.00,1,0,1781-01-01..1782-12-31
Ingolstadt,w,1,1781-01-01,1782-12-31,730,2.00,1,0,1781-01-01..1782-12-31
Istanbul,Tn,1,1896-12-13,1917-12-31,7688,21.05,1,0,1896-12-13..1917-12-31
Istanbul,Tx,1,1896-12-13,1917-12-31,7688,21.05,1,0,1896-12-13..1917-12-31
Istanbul,p,1,1896-12-13,1917-12-31,7688,21.05,1,0,1896-12-13..1917-12-31
Istanbul,rh,1,1896-12-15,1917-12-31,7686,21.04,1,0,1896-12-15..1917-12-31
Istanbul,w,1,1896-12-13,1917-12-31,7688,21.05,1,0,1896-12-13..1917-12-31
Izmail,ta,1,1886-10-01,2022-02-14,49445,135.38,1,0,1886-10-01..2022-02-14
Jelgava,ta,1,1889-12-01,2024-12-31,49339,135.09,1,0,1889-12-01..2024-12-31
Jena,dd,1,1702-01-01,1702-12-31,365,1.00,1,0,1702-01-01..1702-12-31
Jena,p,1,1702-01-01,1702-12-31,365,1.00,1,0,1702-01-01..1702-12-31
Jena,ta,1,1824-01-01,2024-12-31,73415,201.00,1,0,1824-01-01..2024-12-31
Jokkmokk,ta,1,1860-11-01,2018-06-30,57585,157.66,1,0,1860-11-01..2018-06-30
Kaliningrad,dd,1,1702-01-01,1702-12-31,365,1.00,1,0,1702-01-01..1702-12-31
Kaliningrad,p,1,1702-01-01,1702-12-31,365,1.00,1,0,1702-01-01..1702-12-31
Kamyanets,p,1,1844-04-01,1848-11-30,1705,4.67,1,0,1844-04-01..1848-11-30
Kamyanets,ta,1,1844-04-01,1848-11-30,1705,4.67,1,0,1844-04-01..1848-11-30
Karesuando,ta,1,1878-10-15,2012-08-31,48899,133.88,1,0,1878-10-15..2012-08-31
Karlsruhe,ta,1,1876-01-01,2008-10-31,48517,132.84,1,0,1876-01-01..2008-10-31
Karlstad,ta,1,1858-12-01,2008-09-30,54726,149.83,1,0,1858-12-01..2008-09-30
Kharkiv,p,1,1840-04-01,1848-01-12,2843,7.78,1,0,1840-04-01..1848-01-12
Kharkiv,ta,1,1840-04-01,1848-01-12,2843,7.78,1,0,1840-04-01..1848-01-12
Kherson,p,1,1808-11-13,1839-07-12,11199,30.66,1,0,1808-11-13..1839-07-12
Kherson,ta,1,1808-11-13,1839-07-12,11199,30.66,1,0,1808-11-13..1839-07-12
Kiel,dd,1,1767-01-01,1768-12-31,731,2.00,1,0,1767-01-01..1768-12-31
Kiel,p,1,1767-01-01,1768-12-31,731,2.00,1,0,1767-01-01..1768-12-31
Kiel,ta,1,1767-01-01,1768-12-31,731,2.00,1,0,1767-01-01..1768-12-31
Kisinev,ta,1,1886-11-01,2024-12-31,50465,138.17,1,0,1886-11-01..2024-12-31
Kislovodsk,ta,1,1886-01-01,2019-06-30,48758,133.49,1,0,1886-01-01..2019-06-30
KonKolodez,ta,1,1893-02-01,2019-06-30,46170,126.41,1,0,1893-02-01..2019-06-30
Kuesnacht,dd,1,1852-01-11,1856-11-15,1771,4.85,1,0,1852-01-11..1856-11-15
Kuesnacht,rh,1,1852-01-11,1856-11-15,1771,4.85,1,0,1852-01-11..1856-11-15
Kursk,ta,1,1891-01-01,2019-06-30,46932,128.50,1,0,1891-01-01..2019-06-30
KvikkjokkArrenjarka,ta,1,1887-09-01,2013-03-31,45868,125.58,1,0,1887-09-01..2013-03-31
Kyiv,p,1,1837-09-26,1841-02-28,1252,3.43,1,0,1837-09-26..1841-02-28
Kyiv,ta,1,1812-01-17,1841-02-28,10636,29.12,1,0,1812-01-17..1841-02-28
LaRochelle,dd,1,1782-01-01,1790-12-31,3287,9.00,1,0,1782-01-01..1790-12-31
LaRochelle,p,1,1782-01-01,1790-12-31,3287,9.00,2,0,1782-01-01..1790-12-31
LaRochelle,rr,1,1783-01-01,1786-12-31,1461,4.00,1,0,1783-01-01..1786-12-31
LaRochelle,ta,1,1782-01-01,1790-12-31,3287,9.00,2,0,1782-01-01..1790-12-31
LaRochelle,w,1,1782-01-09,1790-12-31,3279,8.98,1,0,1782-01-09..1790-12-31
Lausitz,dd,1,1720-01-01,1730-06-30,3834,10.50,1,0,1720-01-01..1730-06-30
Lausitz,ta,1,1720-01-01,1730-06-30,3834,10.50,1,0,1720-01-01..1730-06-30
Leiden,dd,1,1697-02-01,1698-12-31,699,1.91,1,0,1697-02-01..1698-12-31
Leiden,dd,2,1740-01-01,1758-12-31,6940,19.00,1,0,1740-01-01..1758-12-31
Leiden,p,1,1697-02-01,1698-12-31,699,1.91,1,0,1697-02-01..1698-12-31
Leiden,p,2,1740-01-01,1758-12-31,6940,19.00,1,0,1740-01-01..1758-12-31
Leiden,rr,1,1740-01-01,1758-12-31,6940,19.00,1,0,1740-01-01..1758-12-31
Leiden,ta,1,1697-02-01,1698-12-31,699,1.91,1,0,1697-02-01..1698-12-31
Leiden,ta,2,1740-01-01,1792-12-31,19359,53.00,1,0,1740-01-01..1792-12-31
Loebau,p,1,1720-01-01,1730-06-30,3834,10.50,1,0,1720-01-01..1730-06-30
London,p,1,1691-12-21,2007-12-31,115427,316.03,27,0,1691-12-21..2007-12-31
London_Boyle,p,1,1684-12-11,1686-02-10,427,1.17,1,0,1684-12-11..1686-02-10
London_Boyle,ta,1,1684-12-11,1686-02-10,427,1.17,1,0,1684-12-11..1686-02-10
London_Locke,dd,1,1672-01-31,1675-06-13,1230,3.37,1,0,1672-01-31..1675-06-13
Lugansk,p,1,1829-09-01,1851-01-12,7804,21.37,1,0,1829-09-01..1851-01-12
Lugansk,ta,1,1827-01-01,1851-01-12,8778,24.03,1,0,1827-01-01..1851-01-12
Lund,ta,1,1784-01-21,2024-12-31,88004,240.95,1,0,1784-01-21..2024-12-31
Maastricht,Tn,1,1852-01-01,1905-12-31,19723,54.00,1,0,1852-01-01..1905-12-31
Maastricht,Tx,1,1852-01-01,1905-12-31,19723,54.00,1,0,1852-01-01..1905-12-31
Maastricht,dd,1,1851-12-10,1905-12-31,19745,54.06,1,0,1851-12-10..1905-12-31
Maastricht,p,1,1865-12-01,1904-12-31,14275,39.08,1,0,1865-12-01..1904-12-31
Maastricht,rh,1,1852-01-01,1905-12-31,19723,54.00,1,0,1852-01-01..1905-12-31
Maastricht,rr,1,1852-04-01,1905-12-31,19632,53.75,1,0,1852-04-01..1905-12-31
Maastricht,ta,1,1852-01-01,1905-12-31,19723,54.00,1,0,1852-01-01..1905-12-31
Mannheim,dd,1,1781-01-01,1792-12-31,4383,12.00,1,0,1781-01-01..1792-12-31
Mannheim,eee,1,1781-01-01,1791-12-31,4017,11.00,1,0,1781-01-01..1791-12-31
Mannheim,p,1,1781-01-01,1792-12-31,4383,12.00,2,0,1781-01-01..1792-12-31
Mannheim,rr,1,1781-01-01,1792-12-31,4383,12.00,1,0,1781-01-01..1792-12-31
Mannheim,ta,1,1781-01-01,1792-12-31,4383,12.00,2,0,1781-01-01..1792-12-31
Mannheim,w,1,1781-01-01,1792-12-31,4383,12.00,1,0,1781-01-01..1792-12-31
Marseille,dd,1,1782-09-11,1792-12-31,3765,10.31,1,0,1782-09-11..1792-12-31
Marseille,p,1,1782-09-11,1792-12-31,3765,10.31,1,0,1782-09-11..1792-12-31
Marseille,rr,1,1783-01-01,1792-12-31,3653,10.00,1,0,1783-01-01..1792-12-31
Marseille,ta,1,1782-09-11,1792-12-31,3765,10.31,1,0,1782-09-11..1792-12-31
Marseille,w,1,1782-09-11,1792-12-31,3765,10.31,1,0,1782-09-11..1792-12-31
Middelburg,dd,1,1782-07-04,1788-12-31,2373,6.50,1,0,1782-07-04..1788-12-31
Middelburg,eee,1,1782-07-04,1786-12-31,1642,4.50,1,0,1782-07-04..1786-12-31
Middelburg,p,1,1782-07-04,1788-12-31,2373,6.50,2,0,1782-07-04..1788-12-31
Middelburg,ta,1,1782-07-04,1788-12-31,2373,6.50,2,0,1782-07-04..1788-12-31
Middelburg,w,1,1782-07-04,1788-12-31,2373,6.50,1,0,1782-07-04..1788-12-31
Milan,Tn,1,1763-01-01,1949-12-31,68300,187.00,1,0,1763-01-01..1949-12-31
Milan,Tx,1,1763-01-01,1949-12-31,68300,187.00,1,0,1763-01-01..1949-12-31
Milan,p,1,1763-01-01,1949-12-31,68300,187.00,2,0,1763-01-01..1949-12-31
Milan,ta,1,1763-01-01,1949-12-31,68300,187.00,2,0,1763-01-01..1949-12-31
Minsk,ta,1,1891-04-01,2024-12-31,48853,133.75,1,0,1891-04-01..2024-12-31
Montpellier,dd,1,1705-02-03,1748-06-24,15848,43.39,1,0,1705-02-03..1748-06-24
Montpellier,p,1,1705-02-03,1748-12-28,16035,43.90,1,0,1705-02-03..1748-12-28
Montpellier,ta,1,1737-01-03,1748-06-24,4191,11.47,1,0,1737-01-03..1748-06-24
Moscow,dd,1,1784-12-21,1792-12-31,2933,8.03,1,0,1784-12-21..1792-12-31
Moscow,p,1,1785-03-21,1792-12-31,2843,7.78,1,0,1785-03-21..1792-12-31
Moscow,ta,1,1785-03-21,1792-12-31,2843,7.78,1,0,1785-03-21..1792-12-31
Mulhouse,p,1,1794-03-05,1812-12-31,6876,18.83,1,0,1794-03-05..1812-12-31
Mulhouse,ta,1,1794-03-05,1812-12-31,6876,18.83,1,0,1794-03-05..1812-12-31
Munich,dd,1,1781-01-01,1792-12-31,4383,12.00,1,0,1781-01-01..1792-12-31
Munich,eee,1,1782-01-01,1788-12-31,2557,7.00,1,0,1782-01-01..1788-12-31
Munich,p,1,1781-01-01,1792-12-31,4383,12.00,2,0,1781-01-01..1792-12-31
Munich,ta,1,1781-01-01,1792-12-31,4383,12.00,2,0,1781-01-01..1792-12-31
Munich,w,1,1781-01-01,1792-12-31,4383,12.00,1,0,1781-01-01..1792-12-31
Nicosia,ta,1,1881-08-01,1922-12-31,15127,41.42,1,0,1881-08-01..1922-12-31
Nora,ta,1,1874-01-01,1917-03-31,15795,43.25,1,0,1874-01-01..1917-03-31
Nuernberg,dd,1,1718-12-21,1730-06-30,4210,11.53,1,0,1718-12-21..1730-06-30
Nuernberg,dd,2,1732-01-01,1743-12-31,4383,12.00,1,0,1732-01-01..1743-12-31
Nuernberg,p,1,1718-12-21,1730-06-30,4210,11.53,1,0,1718-12-21..1730-06-30
Nuernberg,p,2,1732-01-01,1743-12-31,4383,12.00,1,0,1732-01-01..1743-12-31
Nuernberg,ta,1,1718-12-21,1730-06-30,4210,11.53,5,0,1718-12-21..1730-06-30
Nuernberg,ta,2,1732-01-01,1743-12-31,4383,12.00,1,0,1732-01-01..1743-12-31
Nuernberg,ta,3,1879-01-01,2024-12-31,53326,146.00,1,0,1879-01-01..2024-12-31
Odesa,p,1,1839-04-10,1850-06-13,4083,11.18,1,0,1839-04-10..1850-06-13
Odesa,ta,1,1839-04-10,1850-06-13,4083,11.18,1,0,1839-04-10..1850-06-13
Odesa,ta,2,1894-01-01,2024-12-31,47847,131.00,1,0,1894-01-01..2024-12-31
Osijek,ta,1,1858-03-01,2021-12-31,59841,163.84,1,0,1858-03-01..2021-12-31
Oxford_1,dd,1,1666-07-04,1683-07-10,6216,17.02,1,0,1666-07-04..1683-07-10
Oxford_1,p,1,1666-07-04,1683-07-10,6216,17.02,1,0,1666-07-04..1683-07-10
Oxford_2,p,1,1684-01-01,1684-12-31,366,1.00,1,0,1684-01-01..1684-12-31
Oxford_Radcliffe,ta,1,1815-01-01,2024-12-31,76702,210.00,1,0,1815-01-01..2024-12-31
Padua,Tn,1,1774-01-01,1997-05-31,81600,223.41,1,0,1774-01-01..1997-05-31
Padua,Tx,1,1774-01-01,1997-05-31,81600,223.41,1,0,1774-01-01..1997-05-31
Padua,dd,1,1781-01-01,1792-12-31,4383,12.00,1,0,1781-01-01..1792-12-31
Padua,p,1,1725-01-12,1997-11-30,99669,272.88,2,0,1725-01-12..1997-11-30
Padua,rr,1,1727-01-01,2018-12-31,106651,292.00,2,0,1727-01-01..2018-12-31
Padua,ta,1,1725-01-12,1997-05-31,99486,272.38,4,0,1725-01-12..1997-05-31
Paris,p,1,1747-12-20,2011-11-06,96381,263.88,6,4,1747-12-20..2011-11-06
Paris_Jefferson,rh,1,1788-09-01,1789-09-25,390,1.07,1,0,1788-09-01..1789-09-25
Paris_Jefferson,ta,1,1785-06-09,1789-09-25,1570,4.30,1,0,1785-06-09..1789-09-25
Paris_Morin,p,1,1670-01-01,2007-12-31,123451,338.00,1,0,1670-01-01..2007-12-31
Paris_Morin,rr,1,1665-02-01,1713-06-30,17681,48.41,1,0,1665-02-01..1713-06-30
Paris_Morin,ta,1,1675-09-01,1713-07-12,13829,37.86,1,0,1675-09-01..1713-07-12
Paris_Rousseau,Tn,1,1675-12-01,2023-12-31,127135,348.08,1,0,1675-12-01..2023-12-31
Paris_Rousseau,Tx,1,1675-12-01,2023-12-31,127135,348.08,1,0,1675-12-01..2023-12-31
Paris_Rousseau,ta,1,1658-05-25,2023-12-31,133534,365.60,1,0,1658-05-25..2023-12-31
Piacenza,rr,1,1871-12-01,2022-12-31,55183,151.09,1,0,1871-12-01..2022-12-31
Piacenza,ta,1,1871-12-01,2002-06-30,47694,130.58,1,0,1871-12-01..2002-06-30
Pitea,ta,1,1859-07-07,2024-12-31,60444,165.49,1,0,1859-07-07..2024-12-31
Poltava,p,1,1836-01-01,1851-01-12,5491,15.03,1,0,1836-01-01..1851-01-12
Poltava,ta,1,1824-01-01,1851-01-12,9874,27.03,1,0,1824-01-01..1851-01-12
Portugal-Campo_Maior,dd,1,1872-12-01,1939-12-31,24501,67.08,1,0,1872-12-01..1939-12-31
Portugal-Campo_Maior,p,1,1872-12-01,1939-12-31,24501,67.08,1,0,1872-12-01..1939-12-31
Portugal-Campo_Maior,ta,1,1872-12-01,1939-12-31,24501,67.08,1,0,1872-12-01..1939-12-31
Prague,dd,1,1781-08-01,1791-12-31,3805,10.42,1,0,1781-08-01..1791-12-31
Prague,p,1,1781-08-01,1791-12-31,3805,10.42,2,0,1781-08-01..1791-12-31
Prague,rr,1,1781-08-01,1786-12-31,1979,5.42,1,0,1781-08-01..1786-12-31
Prague,ta,1,1781-08-01,1791-12-31,3805,10.42,2,0,1781-08-01..1791-12-31
Prague,w,1,1781-08-01,1791-11-28,3772,10.33,1,0,1781-08-01..1791-11-28
Prague_1775-2014,ta,1,1775-01-01,2014-02-28,87352,239.16,1,0,1775-01-01..2014-02-28
Putbus,ta,1,1853-07-01,2024-12-31,62641,171.51,1,0,1853-07-01..2024-12-31
Pyshminsk,dd,1,1790-05-01,1791-12-31,610,1.67,1,0,1790-05-01..1791-12-31
Pyshminsk,p,1,1790-05-01,1791-12-31,610,1.67,1,0,1790-05-01..1791-12-31
Pyshminsk,ta,1,1790-05-01,1791-12-31,610,1.67,1,0,1790-05-01..1791-12-31
Regensburg,dd,1,1781-01-01,1791-12-31,4017,11.00,1,0,1781-01-01..1791-12-31
Regensburg,p,1,1781-01-01,1791-12-31,4017,11.00,2,0,1781-01-01..1791-12-31
Regensburg,rr,1,1781-01-01,1786-12-31,2191,6.00,1,0,1781-01-01..1786-12-31
Regensburg,ta,1,1781-01-01,1791-12-31,4017,11.00,2,0,1781-01-01..1791-12-31
Regensburg,w,1,1781-01-09,1791-12-31,4009,10.98,1,0,1781-01-09..1791-12-31
Rome,dd,1,1782-01-01,1792-12-31,4018,11.00,1,0,1782-01-01..1792-12-31
Rome,eee,1,1782-01-01,1792-12-31,4018,11.00,1,0,1782-01-01..1792-12-31
Rome,p,1,1782-01-01,1792-12-31,4018,11.00,2,0,1782-01-01..1792-12-31
Rome,rr,1,1782-01-01,1792-12-31,4018,11.00,1,0,1782-01-01..1792-12-31
Rome,ta,1,1782-01-01,1792-12-31,4018,11.00,2,0,1782-01-01..1792-12-31
Rome,w,1,1782-01-01,1792-12-31,4018,11.00,1,0,1782-01-01..1792-12-31
Rovereto_1,p,1,1782-03-24,1839-08-26,20974,57.42,1,0,1782-03-24..1839-08-26
Rovereto_1,ta,1,1782-02-14,1839-08-27,21013,57.53,1,0,1782-02-14..1839-08-27
Rovereto_2,dd,1,1827-01-01,1829-12-30,1095,3.00,1,0,1827-01-01..1829-12-30
Rovereto_2,p,1,1827-01-01,1829-12-30,1095,3.00,1,0,1827-01-01..1829-12-30
Rovereto_2,ta,1,1827-01-01,1829-12-30,1095,3.00,1,0,1827-01-01..1829-12-30
Rovereto_3,p,1,1860-07-01,1868-12-31,3106,8.50,1,0,1860-07-01..1868-12-31
Rovereto_3,ta,1,1860-07-01,1868-12-31,3106,8.50,1,0,1860-07-01..1868-12-31
Salzburg,p,1,1797-11-18,1798-04-17,151,0.41,1,0,1797-11-18..1798-04-17
Salzburg,ta,1,1797-11-18,1798-04-17,151,0.41,1,0,1797-11-18..1798-04-17
Sevilla_Matute,Tn,1,1803-10-01,1806-12-31,1188,3.25,1,0,1803-10-01..1806-12-31
Sevilla_Matute,Tx,1,1803-10-01,1806-12-31,1188,3.25,1,0,1803-10-01..1806-12-31
Sevilla_Matute,dd,1,1803-10-01,1806-12-31,1188,3.25,1,0,1803-10-01..1806-12-31
Sevilla_Matute,dd,2,1812-09-20,1830-02-06,6349,17.38,1,0,1812-09-20..1830-02-06
Sevilla_Matute,p,1,1803-10-01,1806-12-31,1188,3.25,1,0,1803-10-01..1806-12-31
Sevilla_Matute,p,2,1812-09-20,1830-02-06,6349,17.38,1,0,1812-09-20..1830-02-06
Sevilla_Matute,ta,1,1812-09-20,1830-02-06,6349,17.38,1,0,1812-09-20..1830-02-06
Sheffield,ta,1,1883-01-02,2024-12-31,51864,142.00,1,0,1883-01-02..2024-12-31
Simferopol,ta,1,1886-06-01,2024-12-31,50618,138.59,1,0,1886-06-01..2024-12-31
Sochi,ta,1,1874-10-13,2019-06-30,52856,144.71,1,0,1874-10-13..2019-06-30
Sonnblick,ta,1,1886-10-01,2024-03-31,50221,137.50,1,0,1886-10-01..2024-03-31
Spydeberg,dd,1,1783-01-01,1786-12-31,1461,4.00,1,0,1783-01-01..1786-12-31
Spydeberg,p,1,1783-01-01,1786-12-31,1461,4.00,1,0,1783-01-01..1786-12-31
Spydeberg,ta,1,1783-01-01,1786-12-31,1461,4.00,1,0,1783-01-01..1786-12-31
Spydeberg,w,1,1783-01-01,1786-12-31,1461,4.00,1,0,1783-01-01..1786-12-31
StPetersburg,dd,1,1782-12-30,1793-01-11,3666,10.04,1,0,1782-12-30..1793-01-11
StPetersburg,p,1,1782-12-30,1793-01-11,3666,10.04,1,0,1782-12-30..1793-01-11
StPetersburg,p,2,1805-01-10,1821-12-31,6200,16.98,1,0,1805-01-10..1821-12-31
StPetersburg,ta,1,1743-03-04,1879-12-31,49976,136.83,3,0,1743-03-04..1879-12-31
StPetersburg,ta,2,1881-01-01,2024-12-31,52595,144.00,1,0,1881-01-01..2024-12-31
StZeno,dd,1,1781-01-01,1781-12-31,365,1.00,1,0,1781-01-01..1781-12-31
StZeno,p,1,1781-01-01,1781-12-31,365,1.00,1,0,1781-01-01..1781-12-31
StZeno,ta,1,1781-01-01,1781-12-31,365,1.00,1,0,1781-01-01..1781-12-31
StZeno,w,1,1781-01-01,1781-12-31,365,1.00,1,0,1781-01-01..1781-12-31
Stensele,ta,1,1860-05-01,2004-12-17,52826,144.63,1,0,1860-05-01..2004-12-17
Stockholm,p,1,1756-01-01,1880-12-31,45656,125.00,2,0,1756-01-01..1880-12-31
Stockholm,ta,1,1756-01-01,2024-03-31,97976,268.25,3,0,1756-01-01..2024-03-31
Strasbourg,p,1,1769-10-02,1772-01-31,852,2.33,1,0,1769-10-02..1772-01-31
Strasbourg,ta,1,1769-10-02,1772-01-31,852,2.33,1,0,1769-10-02..1772-01-31
Tbilisi,ta,1,1881-01-01,2024-12-31,52595,144.00,1,0,1881-01-01..2024-12-31
Tegernsee,dd,1,1781-01-01,1788-12-31,2922,8.00,1,0,1781-01-01..1788-12-31
Tegernsee,p,1,1781-01-01,1786-12-31,2191,6.00,1,0,1781-01-01..1786-12-31
Tegernsee,p,2,1788-01-01,1788-12-31,366,1.00,1,0,1788-01-01..1788-12-31
Tegernsee,ta,1,1781-01-01,1786-12-31,2191,6.00,1,0,1781-01-01..1786-12-31
Tegernsee,ta,2,1788-01-01,1788-12-31,366,1.00,1,0,1788-01-01..1788-12-31
Tegernsee,w,1,1781-01-01,1788-12-31,2922,8.00,1,0,1781-01-01..1788-12-31
TiziOuzou,dd,1,1879-01-01,1938-12-29,21912,59.99,1,0,1879-01-01..1938-12-29
TiziOuzou,ta,1,1879-01-01,1938-12-29,21912,59.99,1,0,1879-01-01..1938-12-29
TiziOuzou,w,1,1879-01-01,1938-12-29,21912,59.99,1,0,1879-01-01..1938-12-29
Trieste,p,1,1841-01-01,2018-12-31,65013,178.00,1,0,1841-01-01..2018-12-31
Trondheim,dd,1,1762-01-01,1764-12-31,1096,3.00,1,0,1762-01-01..1764-12-31
Trondheim,p,1,1762-01-01,1764-12-31,1096,3.00,1,0,1762-01-01..1764-12-31
Trondheim,ta,1,1762-01-01,1764-12-31,1096,3.00,1,0,1762-01-01..1764-12-31
Tuebingen,ta,1,1691-07-01,1694-12-31,1280,3.50,1,0,1691-07-01..1694-12-31
Turin,Tn,1,1857-02-10,2009-12-31,55842,152.89,1,0,1857-02-10..2009-12-31
Turin,Tx,1,1857-08-01,2009-12-31,55670,152.42,1,0,1857-08-01..2009-12-31
Turin,p,1,1792-01-01,2009-12-31,79623,218.00,2,0,1792-01-01..2009-12-31
Turin,rr,1,1802-06-01,2009-12-31,75820,207.59,1,0,1802-06-01..2009-12-31
Turin,ta,1,1753-01-01,1865-11-30,41241,112.91,1,0,1753-01-01..1865-11-30
UA-UHMI_Dnipro,p,1,1833-01-13,1842-12-31,3640,9.97,2,0,1833-01-13..1842-12-31
UA-UHMI_Dnipro,p,2,1850-01-01,1852-12-31,1096,3.00,1,0,1850-01-01..1852-12-31
UA-UHMI_Dnipro,p,3,1865-12-01,1865-12-31,31,0.08,1,0,1865-12-01..1865-12-31
UA-UHMI_Dnipro,ta,1,1833-01-13,1842-12-31,3640,9.97,2,0,1833-01-13..1842-12-31
UA-UHMI_Dnipro,ta,2,1850-01-01,1852-12-31,1096,3.00,1,0,1850-01-01..1852-12-31
UA-UHMI_Dnipro,ta,3,1855-01-01,1855-12-31,365,1.00,1,0,1855-01-01..1855-12-31
UA-UHMI_Dnipro,ta,4,1865-12-01,1865-12-31,31,0.08,1,0,1865-12-01..1865-12-31
UA-UHMI_Kamianets_Podilskyi,p,1,1844-04-13,1848-12-12,1705,4.67,1,0,1844-04-13..1848-12-12
UA-UHMI_Kamianets_Podilskyi,p,2,1865-12-01,1868-11-30,1096,3.00,2,0,1865-12-01..1868-11-30
UA-UHMI_Kamianets_Podilskyi,ta,1,1844-04-13,1848-12-12,1705,4.67,1,0,1844-04-13..1848-12-12
UA-UHMI_Kamianets_Podilskyi,ta,2,1865-12-01,1868-11-30,1096,3.00,2,0,1865-12-01..1868-11-30
UA-UHMI_Kharkiv_university,p,1,1840-04-13,1840-07-12,91,0.25,1,0,1840-04-13..1840-07-12
UA-UHMI_Kharkiv_university,p,2,1840-09-13,1840-11-12,61,0.17,1,0,1840-09-13..1840-11-12
UA-UHMI_Kharkiv_university,p,3,1843-01-26,1847-12-31,1801,4.93,2,0,1843-01-26..1847-12-31
UA-UHMI_Kharkiv_university,p,4,1877-05-01,1880-12-31,1341,3.67,1,0,1877-05-01..1880-12-31
UA-UHMI_Kharkiv_university,ta,1,1840-04-13,1840-11-12,214,0.59,2,0,1840-04-13..1840-11-12
UA-UHMI_Kharkiv_university,ta,2,1843-01-26,1847-12-31,1801,4.93,2,0,1843-01-26..1847-12-31
UA-UHMI_Kharkiv_university,ta,3,1877-05-01,1880-12-31,1341,3.67,1,0,1877-05-01..1880-12-31
UA-UHMI_Kherson,p,1,1808-11-13,1827-07-12,6816,18.66,2,0,1808-11-13..1827-07-12
UA-UHMI_Kherson,p,2,1837-01-13,1839-07-12,911,2.49,1,0,1837-01-13..1839-07-12
UA-UHMI_Kherson,ta,1,1808-11-13,1827-07-12,6816,18.66,2,0,1808-11-13..1827-07-12
UA-UHMI_Kherson,ta,2,1837-01-13,1839-07-12,911,2.49,1,0,1837-01-13..1839-07-12
UA-UHMI_Kyiv,p,1,1837-10-08,1841-03-12,1252,3.43,1,0,1837-10-08..1841-03-12
UA-UHMI_Kyiv,p,2,1856-01-01,1880-12-31,9132,25.00,2,0,1856-01-01..1880-12-31
UA-UHMI_Kyiv,ta,1,1812-01-29,1825-12-12,5067,13.87,1,0,1812-01-29..1825-12-12
UA-UHMI_Kyiv,ta,2,1837-10-08,1841-03-12,1252,3.43,1,0,1837-10-08..1841-03-12
UA-UHMI_Kyiv,ta,3,1856-01-01,1880-12-31,9132,25.00,2,0,1856-01-01..1880-12-31
UA-UHMI_Kyiv_arboretum,p,1,1861-08-01,1862-08-31,396,1.08,1,0,1861-08-01..1862-08-31
UA-UHMI_Kyiv_arboretum,ta,1,1858-01-01,1862-08-31,1704,4.67,1,0,1858-01-01..1862-08-31
UA-UHMI_Luhansk,p,1,1829-09-13,1880-12-31,18738,51.30,6,0,1829-09-13..1880-12-31
UA-UHMI_Luhansk,ta,1,1827-01-13,1880-12-31,19712,53.97,6,0,1827-01-13..1880-12-31
UA-UHMI_Odesa,p,1,1839-04-22,1850-06-13,4071,11.15,2,0,1839-04-22..1850-06-13
UA-UHMI_Odesa,p,2,1859-11-01,1869-12-31,3714,10.17,1,0,1859-11-01..1869-12-31
UA-UHMI_Odesa,p,3,1871-01-01,1880-12-31,3653,10.00,1,0,1871-01-01..1880-12-31
UA-UHMI_Odesa,ta,1,1839-04-22,1850-06-13,4071,11.15,2,0,1839-04-22..1850-06-13
UA-UHMI_Odesa,ta,2,1859-11-01,1880-12-31,7732,21.17,2,0,1859-11-01..1880-12-31
UA-UHMI_Odesa_Vorontsov_lighthouse,p,1,1874-07-20,1880-10-12,2277,6.23,1,0,1874-07-20..1880-10-12
UA-UHMI_Odesa_Vorontsov_lighthouse,ta,1,1874-07-20,1880-10-12,2277,6.23,1,0,1874-07-20..1880-10-12
UA-UHMI_Odesa_horticulture,p,1,1841-10-13,1854-12-31,4828,13.22,2,0,1841-10-13..1854-12-31
UA-UHMI_Odesa_horticulture,p,2,1856-01-01,1859-12-31,1461,4.00,2,0,1856-01-01..1859-12-31
UA-UHMI_Odesa_horticulture,ta,1,1841-10-13,1854-12-31,4828,13.22,2,0,1841-10-13..1854-12-31
UA-UHMI_Odesa_horticulture,ta,2,1856-01-01,1859-12-31,1461,4.00,2,0,1856-01-01..1859-12-31
UA-UHMI_Odesa_lighthouse,p,1,1867-10-16,1881-01-12,4838,13.25,3,0,1867-10-16..1881-01-12
UA-UHMI_Odesa_lighthouse,ta,1,1865-05-13,1881-01-12,5724,15.67,3,0,1865-05-13..1881-01-12
UA-UHMI_Poltava,p,1,1836-01-13,1865-11-30,10915,29.88,5,0,1836-01-13..1865-11-30
UA-UHMI_Poltava,ta,1,1824-01-13,1832-01-12,2922,8.00,1,0,1824-01-13..1832-01-12
UA-UHMI_Poltava,ta,2,1836-01-13,1865-11-30,10915,29.88,5,0,1836-01-13..1865-11-30
Ulm,rr,1,1715-03-24,1721-03-05,2174,5.95,1,0,1715-03-24..1721-03-05
Ulm,ta,1,1710-09-23,1714-03-20,1275,3.49,1,0,1710-09-23..1714-03-20
Umea,ta,1,1858-11-01,1979-09-30,44163,120.91,1,0,1858-11-01..1979-09-30
Upminster,p,1,1708-01-11,1709-01-10,366,1.00,1,0,1708-01-11..1709-01-10
Upminster,rr,1,1708-01-11,1709-01-10,366,1.00,1,0,1708-01-11..1709-01-10
Uppsala,p,1,1722-01-12,1870-12-31,54410,148.97,1,0,1722-01-12..1870-12-31
Uppsala,ta,1,1722-01-12,1870-12-31,54410,148.97,1,0,1722-01-12..1870-12-31
Utrecht,Tn,1,1850-12-01,1896-12-31,16833,46.09,1,0,1850-12-01..1896-12-31
Utrecht,Tx,1,1850-12-01,1896-12-31,16833,46.09,1,0,1850-12-01..1896-12-31
Utrecht,dd,1,1836-01-01,1846-12-31,4018,11.00,1,0,1836-01-01..1846-12-31
Utrecht,p,1,1836-01-01,1846-12-31,4018,11.00,1,0,1836-01-01..1846-12-31
Utrecht,ta,1,1836-01-01,1846-12-31,4018,11.00,1,0,1836-01-01..1846-12-31
Utrecht,ta,2,1850-12-01,1896-12-31,16833,46.09,1,0,1850-12-01..1896-12-31
Utrecht155,dd,1,1848-12-01,1896-12-31,17563,48.09,1,0,1848-12-01..1896-12-31
Utrecht155,p,1,1850-12-01,1896-12-31,16833,46.09,1,0,1850-12-01..1896-12-31
Utrecht155,rh,1,1850-12-01,1896-12-31,16833,46.09,1,0,1850-12-01..1896-12-31
Utrecht155,rr,1,1850-12-01,1896-12-31,16833,46.09,1,0,1850-12-01..1896-12-31
Utrecht155,ta,1,1850-12-01,1896-12-31,16833,46.09,1,0,1850-12-01..1896-12-31
Utrecht43,dd,1,1728-01-01,1739-12-31,4383,12.00,1,0,1728-01-01..1739-12-31
Utrecht43,p,1,1728-01-01,1739-12-31,4383,12.00,1,0,1728-01-01..1739-12-31
Utrecht43,rr,1,1728-01-05,1739-12-26,4374,11.98,1,0,1728-01-05..1739-12-26
Utrecht43,ta,1,1728-01-01,1739-12-31,4383,12.00,1,0,1728-01-01..1739-12-31
Utrecht_DeBilt,p,1,1851-01-01,1896-12-31,16802,46.00,1,0,1851-01-01..1896-12-31
Vasilevici,ta,1,1881-01-01,2024-12-31,52595,144.00,1,0,1881-01-01..2024-12-31
Venezia,p,1,1751-01-01,1759-04-30,3042,8.33,1,0,1751-01-01..1759-04-30
Venezia,ta,1,1751-01-01,1769-12-31,6940,19.00,1,0,1751-01-01..1769-12-31
Vienna,p,1,1709-03-21,1717-03-20,2922,8.00,1,0,1709-03-21..1717-03-20
Vienna,ta,1,1709-03-21,1717-04-20,2953,8.09,1,0,1709-03-21..1717-04-20
Vienna_HoheWarte,ta,1,1855-02-01,2024-03-31,61786,169.16,1,0,1855-02-01..2024-03-31
Vilnius,ta,1,1807-01-01,1807-12-31,365,1.00,1,0,1807-01-01..1807-12-31
Vlissingen,dd,1,1768-01-01,1773-12-31,2192,6.00,1,0,1768-01-01..1773-12-31
Vlissingen,p,1,1768-01-01,1773-12-31,2192,6.00,1,0,1768-01-01..1773-12-31
Vlissingen,ta,1,1768-01-01,1773-12-31,2192,6.00,1,0,1768-01-01..1773-12-31
Vlissingen2,dd,1,1854-12-02,1905-12-31,18657,51.08,1,0,1854-12-02..1905-12-31
Vlissingen2,p,1,1854-12-01,1903-12-31,17927,49.08,1,0,1854-12-01..1903-12-31
Vlissingen2,rh,1,1854-12-01,1905-12-31,18658,51.08,1,0,1854-12-01..1905-12-31
Vlissingen2,rr,1,1855-01-14,1905-12-31,18614,50.96,1,0,1855-01-14..1905-12-31
Vlissingen2,ta,1,1854-12-01,1905-12-31,18658,51.08,1,0,1854-12-01..1905-12-31
Waldenburg,p,1,1776-01-01,1790-08-31,5357,14.67,1,0,1776-01-01..1790-08-31
Waldenburg,ta,1,1776-01-01,1790-08-31,5357,14.67,1,0,1776-01-01..1790-08-31
Warsaw,dd,1,1725-01-01,1728-12-31,1461,4.00,1,0,1725-01-01..1728-12-31
Warsaw,p,1,1725-01-01,1728-12-31,1461,4.00,1,0,1725-01-01..1728-12-31
Warsaw,ta,1,1807-01-01,1807-12-31,365,1.00,1,0,1807-01-01..1807-12-31
Winterthur,dd,1,1857-11-01,1867-02-28,3407,9.33,1,0,1857-11-01..1867-02-28
Wittenberg,dd,1,1728-03-20,1729-03-21,367,1.00,1,0,1728-03-20..1729-03-21
Wittenberg,p,1,1728-03-20,1729-03-21,367,1.00,1,0,1728-03-20..1729-03-21
Wittenberg,rr,1,1728-03-20,1729-03-21,367,1.00,1,0,1728-03-20..1729-03-21
Wittenberg,ta,1,1728-03-20,1729-03-21,367,1.00,1,0,1728-03-20..1729-03-21
Wittenberg,w,1,1728-03-20,1729-03-21,367,1.00,1,0,1728-03-20..1729-03-21
Wroclaw,dd,1,1717-07-01,1726-12-31,3471,9.50,1,0,1717-07-01..1726-12-31
Wroclaw,p,1,1717-07-01,1726-12-31,3471,9.50,2,0,1717-07-01..1726-12-31
Wroclaw,rr,1,1717-07-01,1726-12-31,3471,9.50,2,0,1717-07-01..1726-12-31
Wroclaw,ta,1,1717-07-01,1726-12-31,3471,9.50,2,0,1717-07-01..1726-12-31
Wroclaw,ta,2,1807-01-01,1807-12-31,365,1.00,1,0,1807-01-01..1807-12-31
Wuerzburg,dd,1,1781-01-01,1788-12-31,2922,8.00,1,0,1781-01-01..1788-12-31
Wuerzburg,p,1,1781-01-01,1786-12-31,2191,6.00,1,0,1781-01-01..1786-12-31
Wuerzburg,p,2,1788-01-01,1788-12-31,366,1.00,1,0,1788-01-01..1788-12-31
Wuerzburg,ta,1,1781-01-01,1786-12-31,2191,6.00,1,0,1781-01-01..1786-12-31
Wuerzburg,ta,2,1788-01-01,1788-12-31,366,1.00,1,0,1788-01-01..1788-12-31
Yerevan,ta,1,1885-06-01,2003-10-31,43251,118.42,1,0,1885-06-01..2003-10-31
Yilmaz_Halkali_Agricultural_School,Tn,1,1896-12-13,1917-12-31,7688,21.05,1,0,1896-12-13..1917-12-31
Yilmaz_Halkali_Agricultural_School,Tx,1,1896-12-13,1917-12-31,7688,21.05,1,0,1896-12-13..1917-12-31
Yilmaz_Halkali_Agricultural_School,p,1,1896-12-13,1917-12-31,7688,21.05,1,0,1896-12-13..1917-12-31
Yilmaz_Halkali_Agricultural_School,rh,1,1896-12-15,1917-12-31,7686,21.04,1,0,1896-12-15..1917-12-31
Yilmaz_Halkali_Agricultural_School,w,1,1896-12-13,1917-12-31,7688,21.05,1,0,1896-12-13..1917-12-31
Ylitornio,dd,1,1802-01-01,1838-12-31,13514,37.00,1,0,1802-01-01..1838-12-31
Ylitornio,p,1,1800-10-01,1838-12-31,13971,38.25,1,0,1800-10-01..1838-12-31
Ylitornio,rr,1,1800-10-01,1838-12-31,13971,38.25,1,0,1800-10-01..1838-12-31
Ylitornio,ta,1,1800-10-01,1838-12-31,13971,38.25,3,0,1800-10-01..1838-12-31
Zagan,dd,1,1781-01-01,1792-12-31,4383,12.00,1,0,1781-01-01..1792-12-31
Zagan,fs,1,1782-01-01,1792-12-31,4018,11.00,1,0,1782-01-01..1792-12-31
Zagan,p,1,1781-01-01,1792-12-31,4383,12.00,1,0,1781-01-01..1792-12-31
Zagan,rr,1,1781-01-01,1792-12-31,4383,12.00,1,0,1781-01-01..1792-12-31
Zagan,ta,1,1781-01-01,1792-12-31,4383,12.00,1,0,1781-01-01..1792-12-31
Zagan,w,1,1781-01-01,1792-12-31,4383,12.00,1,0,1781-01-01..1792-12-31
Zagreb,ta,1,1861-12-01,2021-12-31,58470,160.09,1,0,1861-12-01..2021-12-31
Zurich_Escher,dd,1,1816-06-01,1816-12-31,214,0.59,1,0,1816-06-01..1816-12-31
Zurich_Escher,p,1,1816-06-01,1816-12-31,214,0.59,1,0,1816-06-01..1816-12-31
Zurich_Escher,rh,1,1816-06-01,1816-12-31,214,0.59,1,0,1816-06-01..1816-12-31
Zurich_Escher,rrt,1,1816-06-01,1816-12-31,214,0.59,1,0,1816-06-01..1816-12-31
Zurich_Escher,ta,1,1816-06-01,1816-12-31,214,0.59,1,0,1816-06-01..1816-12-31
Zurich_Feer,dd,1,1807-01-01,1827-12-31,7670,21.00,1,0,1807-01-01..1827-12-31
Zurich_Feer,p,1,1807-01-01,1827-12-31,7670,21.00,1,0,1807-01-01..1827-12-31
Zurich_Feer,rh,1,1807-01-01,1827-12-31,7670,21.00,1,0,1807-01-01..1827-12-31
Zurich_Feer,rrt,1,1807-01-01,1827-12-31,7670,21.00,1,0,1807-01-01..1827-12-31
Zurich_Feer,ta,1,1807-01-01,1827-12-31,7670,21.00,1,0,1807-01-01..1827-12-31
Zurich_Hirzel,dd,1,1770-01-01,1786-12-31,6209,17.00,1,0,1770-01-01..1786-12-31
Zurich_Hirzel,p,1,1770-01-01,1786-12-31,6209,17.00,1,0,1770-01-01..1786-12-31
Zurich_Hirzel,ta,1,1795-01-01,1802-09-30,2829,7.75,1,0,1795-01-01..1802-09-30
Zurich_Hofmeister,dd,1,1838-01-01,1841-12-31,1461,4.00,1,0,1838-01-01..1841-12-31
Zurich_Hofmeister,p,1,1834-09-10,1841-12-31,2670,7.31,1,0,1834-09-10..1841-12-31
Zurich_Hofmeister,ta,1,1834-09-10,1841-12-31,2670,7.31,1,0,1834-09-10..1841-12-31
Zurich_Horner,dd,1,1815-01-01,1834-11-08,7252,19.86,1,0,1815-01-01..1834-11-08
Zurich_Horner,p,1,1812-02-04,1835-08-18,8597,23.54,2,0,1812-02-04..1835-08-18
Zurich_Horner,rh,1,1825-06-26,1831-11-02,2321,6.35,1,0,1825-06-26..1831-11-02
Zurich_Horner,rrt,1,1827-01-02,1831-12-24,1818,4.98,1,0,1827-01-02..1831-12-24
Zurich_Horner,ta,1,1812-02-04,1835-08-18,8597,23.54,3,0,1812-02-04..1835-08-18
Zurich_Horner,w,1,1827-01-01,1834-11-08,2869,7.86,1,0,1827-01-01..1834-11-08
Zurich_Hornig,Tn,1,1851-10-20,1852-04-30,194,0.53,2,0,1851-10-20..1852-04-30
Zurich_Hornig,Tx,1,1851-10-20,1852-04-30,194,0.53,2,0,1851-10-20..1852-04-30
Zurich_Hornig,dd,1,1851-10-20,1852-04-30,194,0.53,1,0,1851-10-20..1852-04-30
Zurich_Hornig,ta,1,1851-10-20,1852-04-30,194,0.53,1,0,1851-10-20..1852-04-30
Zurich_Meyer,p,1,1761-06-01,1762-12-31,579,1.59,1,0,1761-06-01..1762-12-31
Zurich_Meyer,ta,1,1761-06-01,1762-12-31,579,1.59,1,0,1761-06-01..1762-12-31
Zurich_Muralt,dd,1,1760-01-01,1793-04-13,12157,33.28,1,0,1760-01-01..1793-04-13
Zurich_Muralt,p,1,1760-01-01,1793-04-13,12157,33.28,1,0,1760-01-01..1793-04-13
Zurich_Muralt,rrt,1,1781-01-03,1793-04-08,4479,12.26,1,0,1781-01-03..1793-04-08
Zurich_Muralt,ta,1,1760-01-01,1793-05-31,12205,33.42,1,0,1760-01-01..1793-05-31
Zurich_SNG,dd,1,1830-06-14,1832-03-31,657,1.80,1,0,1830-06-14..1832-03-31
Zurich_SNG,p,1,1830-06-14,1832-03-31,657,1.80,1,0,1830-06-14..1832-03-31
Zurich_SNG,rh,1,1830-06-14,1832-03-31,657,1.80,1,0,1830-06-14..1832-03-31
Zurich_SNG,rrt,1,1830-06-15,1832-03-30,655,1.79,1,0,1830-06-15..1832-03-30
Zurich_SNG,ta,1,1830-06-14,1832-03-31,657,1.80,1,0,1830-06-14..1832-03-31
Zurich_SNG,w,1,1830-06-14,1832-03-31,657,1.80,1,0,1830-06-14..1832-03-31
Zurich_Scheuchzer,p,1,1731-02-01,1733-06-20,871,2.38,1,0,1731-02-01..1733-06-20
Zurich_Weiss,dd,1,1823-12-01,1824-06-30,213,0.58,1,0,1823-12-01..1824-06-30
Zurich_Weiss,p,1,1823-12-01,1824-06-30,213,0.58,1,0,1823-12-01..1824-06-30
Zurich_Weiss,rrt,1,1823-12-03,1824-06-27,208,0.57,1,0,1823-12-03..1824-06-27
Zurich_Weiss,ta,1,1823-12-01,1824-06-30,213,0.58,1,0,1823-12-01..1824-06-30
Zwanenburg,dd,1,1738-01-01,1860-12-31,44925,123.00,1,0,1738-01-01..1860-12-31
Zwanenburg,p,1,1738-01-01,1860-12-31,44925,123.00,1,0,1738-01-01..1860-12-31
Zwanenburg,rr,1,1738-01-14,1860-11-30,44881,122.88,1,0,1738-01-14..1860-11-30
Zwanenburg,ta,1,1738-01-01,1860-12-31,44925,123.00,1,0,1738-01-01..1860-12-31
Zwanenburg_DeBilt,p,1,1743-01-01,1850-12-31,39446,108.00,1,0,1743-01-01..1850-12-31
